510010,180治理ETF,1.512,1.515,1.479,1.489,-1.52,7800,11651.0
510020,超大盘ETF,3.281,3.329,3.275,3.281,-1.17,38710,128122.0
510030,价值ETF,0.85,0.85,0.835,0.841,-1.06,1215200,1021303.0
510050,上证50ETF,3.084,3.084,3.022,3.043,-1.84,645242258,1970707439.0
510060,央企ETF,2.11,2.11,2.08,2.08,-1.42,75100,156744.0
510090,ESGETF基金,2.483,2.508,2.433,2.48,-1.98,97800,241149.0
510100,上证50ETF易方达,1.258,1.258,1.232,1.241,-1.59,21770176,27113247.0
510110,周期ETF,4.05,4.126,4.05,4.05,-2.41,10600,43340.0
510120,非周期ETF,3.975,3.986,3.761,3.845,-5.44,1800,7023.0
510130,中盘ETF,5.8,5.827,5.8,5.827,-1.65,2100,12183.0
510150,消费ETF,0.688,0.688,0.666,0.675,-2.03,21462800,14488230.0
510160,产业升级ETF,0.761,0.761,0.739,0.744,-2.23,395600,295829.0
510170,大宗商品ETF,3.674,3.693,3.604,3.65,-0.68,3320200,12171974.0
510180,上证180ETF,3.948,3.948,3.858,3.885,-1.97,23888375,93295747.0
510190,上证龙头ETF,3.975,3.975,3.902,3.902,-2.06,1300,5156.0
510200,上证券商ETF,1.181,1.181,1.139,1.149,-2.87,2877600,3328343.0
510210,上证指数ETF,0.982,0.984,0.963,0.97,-1.52,60257900,58675034.0
510220,中小盘ETF,5.92,5.931,5.782,5.814,-1.97,28381,164676.0
510230,金融ETF,1.072,1.072,1.047,1.051,-2.41,55662659,59054074.0
510270,国企ETF,1.347,1.347,1.325,1.329,-1.41,70529,93976.0
510290,上证380ETF,2.181,2.192,2.128,2.155,-1.19,98400,212589.0
510300,沪深300ETF,4.59,4.602,4.489,4.53,-1.84,591236542,2683234005.0
510310,沪深300ETF易方达,2.14,2.142,2.091,2.108,-1.82,94756000,200658729.0
510330,300ETF基金,4.591,4.598,4.484,4.525,-1.91,122178000,553718271.0
510350,工银沪深300ETF,4.7,4.715,4.605,4.653,-1.67,7888600,36684018.0
510360,沪深300ETF基金,1.605,1.607,1.566,1.58,-1.92,11624700,18381847.0
510370,兴业沪深300ETF,0.956,0.968,0.938,0.941,-2.79,178700,170369.0
510380,国寿300ETF,1.222,1.225,1.219,1.219,-1.93,5900,7210.0
510390,平安沪深300ETF,4.642,4.643,4.537,4.575,-1.82,7325400,33736923.0
510410,资源ETF,1.117,1.135,1.109,1.122,0.54,17797191,19970088.0
510440,500沪市ETF,2.18,2.18,2.15,2.15,-1.24,9900,21519.0
510500,中证500ETF,7.702,7.742,7.523,7.602,-1.72,329318100,2512995913.0
510510,中证500ETF基金,2.045,2.055,2.0,2.033,-0.83,47927800,97695618.0
510530,工银中证500ETF,6.941,6.955,6.76,6.839,-1.57,859100,5873319.0
510550,方正中证500ETF,1.689,1.689,1.635,1.661,-0.72,302200,500986.0
510560,国寿500ETF,1.515,1.515,1.489,1.489,-1.85,13100,19664.0
510570,兴业中证500ETF,1.014,1.035,0.987,1.0,-2.34,14400,14502.0
510580,中证500ETF易方达,0.791,0.798,0.776,0.784,-1.38,42139200,33257742.0
510590,平安中证500ETF,6.905,6.914,6.744,6.802,-1.49,696100,4738962.0
510600,申万上证50ETF,3.694,3.694,3.624,3.65,-1.19,919800,3369569.0
510630,消费ETF基金,1.3,1.3,1.17,1.269,-2.38,9931900,12619693.0
510650,金融地产ETF,2.166,2.171,2.132,2.14,-1.97,11485300,24672017.0
510660,医药卫生ETF,2.85,2.877,2.763,2.795,-1.9,657500,1854844.0
510680,上证50ETF基金,2.963,2.963,2.903,2.92,-1.95,281200,821505.0
510710,上证50ETF博时,3.871,3.871,3.776,3.803,-1.73,6857000,26142013.0
510760,上证综指ETF,1.077,1.077,1.048,1.062,-1.76,49285500,52438512.0
510770,G60创新ETF,0.9,0.91,0.879,0.906,0.0,596300,538411.0
510800,50ETF基金,1.305,1.305,1.277,1.286,-1.76,27776600,35805258.0
510810,上海国企ETF,0.887,0.887,0.86,0.871,-2.02,5441200,4756167.0
510850,工银上证50ETF,3.232,3.236,3.173,3.19,-1.82,14377717,46012246.0
510880,红利ETF,2.906,2.91,2.856,2.885,-0.86,115864200,333982152.0
510900,H股ETF,0.879,0.879,0.853,0.863,-3.14,1053574400,913110309.0
510990,180ESGETF,0.933,0.933,0.922,0.927,-1.59,280500,261267.0
511010,国债ETF,126.825,126.951,126.825,126.893,0.03,415400,52712379.0
511020,活跃国债ETF,105.192,105.3,105.192,105.3,0.19,3000,315721.0
511030,公司债ETF,10.412,10.424,10.412,10.416,-0.01,1243400,12952886.0
511060,5年地方债ETF,102.726,102.82,102.722,102.756,-0.01,212800,21869212.0
511180,上证可转债ETF,11.01,11.045,10.948,10.977,-0.35,3872000,42541895.0
511220,城投债ETF,98.849,98.979,98.401,98.796,-0.0,256900,25363577.0
511260,十年国债ETF,116.551,116.75,116.501,116.615,0.08,1282800,149566798.0
511270,10年地方债ETF,107.608,107.74,107.548,107.696,0.11,257200,27687890.0
511310,10年国债ETF,116.9,116.9,116.9,116.9,-0.03,100,11690.0
511360,短融ETF,104.359,104.363,104.35,104.352,-0.0,10231966,1067799708.0
511380,可转债ETF,11.72,11.725,11.598,11.624,-0.97,22381800,260993461.0
512000,券商ETF,1.0,1.004,0.968,0.978,-2.69,1004401657,989633375.0
512010,医药ETF,0.536,0.542,0.521,0.527,-2.23,720895999,383271315.0
512040,价值100ETF,1.933,1.944,1.876,1.894,-2.87,10015600,19153922.0
512070,证券保险ETF,0.69,0.69,0.669,0.673,-3.03,239101309,162750141.0
512090,MSCIA股ETF易方达,1.686,1.686,1.643,1.658,-1.72,18991800,31716823.0
512100,中证1000ETF,1.073,1.086,1.042,1.059,-2.4,271742400,290004673.0
512120,医药50ETF,1.768,1.793,1.724,1.742,-1.75,6455600,11362683.0
512150,A50ETF,1.68,1.68,1.64,1.654,-1.55,1571300,2598304.0
512160,MSCI中国A股ETF,1.624,1.625,1.583,1.601,-1.54,26646600,42970293.0
512170,医疗ETF,0.557,0.566,0.543,0.549,-2.31,480548115,266518587.0
512180,MSCIA股ETF基金,1.563,1.567,1.54,1.544,-1.59,137400,212586.0
512190,浙商之江凤凰ETF,1.83,1.832,1.771,1.831,0.11,55900,101017.0
512200,房地产ETF,0.808,0.815,0.786,0.796,-2.09,207511900,166332968.0
512220,科技ETF150,1.715,1.715,1.66,1.684,-1.75,6812000,11493870.0
512260,中证500低波ETF,1.594,1.594,1.551,1.568,-1.63,2146400,3362226.0
512280,景顺MSCIA股ETF,1.65,1.656,1.614,1.628,-1.81,5369100,8817703.0
512290,生物医药ETF,1.384,1.399,1.345,1.359,-2.3,66472800,91355028.0
512320,工银MSCI中国ETF,1.033,1.033,1.013,1.02,-1.35,103900,105696.0
512330,信息科技ETF,1.081,1.081,1.042,1.061,-1.85,6556400,7015329.0
512360,平安MSCI国际ETF,1.723,1.779,1.723,1.74,-1.69,53300,92608.0
512380,MSCI中国ETF,1.477,1.477,1.443,1.455,-1.62,13870600,20287324.0
512390,平安MSCI低波ETF,1.3,1.3,1.27,1.298,-0.08,15500,19893.0
512400,有色金属ETF,1.389,1.403,1.363,1.381,-1.15,106051807,147183797.0
512480,半导体ETF,1.16,1.173,1.134,1.155,-1.11,599985355,691225957.0
512500,500ETF基金,3.594,3.599,3.497,3.535,-1.64,77335171,274405748.0
512510,中证500指数ETF,1.75,1.758,1.712,1.73,-1.37,11140719,19444154.0
512520,MSCIETF,1.666,1.678,1.63,1.666,0.0,303500,498093.0
512530,沪深300红利ETF,1.237,1.237,1.212,1.229,-0.65,289600,354060.0
512550,A50ETF基金,1.535,1.535,1.492,1.503,-2.08,4014100,6060925.0
512560,军工ETF易方达,0.726,0.751,0.72,0.738,1.65,227891900,166932151.0
512570,证券ETF易方达,1.038,1.043,0.999,1.009,-2.7,6318300,6416975.0
512580,碳中和龙头ETF,1.629,1.665,1.606,1.64,0.37,88743600,145334786.0
512590,高股息ETF,1.575,1.577,1.523,1.54,-2.47,4948900,7727443.0
512600,必选消费ETF,0.931,0.931,0.896,0.906,-2.48,18988300,17293478.0
512610,医药卫生ETF基金,1.648,1.668,1.613,1.615,-2.06,82200,133734.0
512640,金融地产ETF基金,2.04,2.049,1.99,1.994,-2.87,41200,82837.0
512650,长三角ETF,1.169,1.176,1.148,1.148,-2.3,5263800,6125472.0
512660,军工ETF,1.232,1.274,1.22,1.249,1.13,1269361847,1581922051.0
512670,国防ETF,0.983,1.01,0.965,0.985,0.61,296626034,291886147.0
512680,军工ETF基金,1.268,1.31,1.256,1.28,1.03,50754300,64808439.0
512690,酒ETF,0.869,0.871,0.835,0.843,-3.88,535883017,455977611.0
512700,银行ETF基金,1.26,1.262,1.244,1.246,-1.42,114258300,142916671.0
512710,军工龙头ETF,0.878,0.894,0.86,0.875,0.23,373713288,326253110.0
512720,计算机ETF,1.316,1.32,1.262,1.284,-2.95,34599000,44810908.0
512730,中证银行ETF,1.203,1.205,1.187,1.195,-0.99,9912900,11873577.0
512750,基本面50ETF,1.131,1.132,1.1,1.107,-1.77,1696500,1880760.0
512760,芯片ETF,1.36,1.369,1.323,1.347,-0.96,383094053,515712719.0
512770,战略新兴ETF,2.018,2.035,1.963,1.994,-1.29,541300,1075250.0
512780,京津冀ETF,1.02,1.02,0.96,0.977,-3.93,157300,155513.0
512800,银行ETF,1.191,1.194,1.175,1.178,-1.42,261834951,310051882.0
512810,国防军工ETF,1.375,1.421,1.362,1.392,1.31,78691100,109124518.0
512820,银行业ETF,1.211,1.212,1.193,1.198,-1.4,10098800,12177286.0
512870,杭州湾区ETF,1.763,1.763,1.712,1.723,-2.1,24500,42469.0
512880,证券ETF,1.043,1.049,1.011,1.02,-2.86,1712464488,1760823087.0
512890,红利低波ETF,0.834,0.834,0.812,0.82,-2.15,10822700,8961625.0
512900,证券ETF基金,1.035,1.042,1.005,1.015,-2.59,157723000,162920298.0
512910,中证100ETF,1.319,1.319,1.289,1.301,-1.74,11633700,15171404.0
512920,MSCIETF新华,1.694,1.704,1.694,1.704,-0.99,2000,3389.0
512930,AIETF,1.46,1.488,1.403,1.434,-2.91,131200,189926.0
512950,央企改革ETF,1.294,1.294,1.264,1.272,-1.7,1624200,2078836.0
512960,央调ETF,1.291,1.291,1.258,1.263,-2.17,34600,44007.0
512970,大湾区ETF,1.335,1.356,1.32,1.32,-2.87,17200,22751.0
512980,传媒ETF,0.726,0.73,0.69,0.701,-4.37,192427600,135974591.0
512990,MSCIA股ETF,1.746,1.746,1.675,1.719,-1.55,7247700,12507587.0
513000,日经225ETF易方达,1.092,1.092,1.068,1.075,-2.27,3434100,3690343.0
513010,恒生科技30ETF,0.638,0.638,0.617,0.626,-3.84,496194700,311837327.0
513020,港股科技ETF,0.905,0.909,0.865,0.89,-3.37,27981425,24981766.0
513030,德国ETF,1.068,1.068,1.02,1.021,-5.55,11429000,11911955.0
513050,中概互联网ETF,1.182,1.184,1.146,1.16,-3.49,2579336929,3010453424.0
513060,恒生医疗ETF,0.585,0.591,0.568,0.575,-3.04,503390800,292023274.0
513080,法国CAC40ETF,1.213,1.23,1.191,1.196,-3.31,2202100,2648155.0
513090,香港证券ETF,1.229,1.229,1.186,1.193,-3.56,211038500,254289153.0
513100,纳指ETF,0.875,0.876,0.854,0.857,-5.62,535979560,464416847.0
513130,恒生科技ETF,0.634,0.636,0.614,0.624,-3.55,771388200,483134544.0
513150,港股通科技50ETF,0.928,0.935,0.899,0.916,-3.38,13809200,12744881.0
513160,港股科技30ETF,0.91,0.912,0.88,0.89,-3.16,40897100,36577851.0
513180,恒生科技指数ETF,0.636,0.639,0.618,0.628,-3.68,1707801191,1073604730.0
513200,港股通医药ETF,0.966,0.969,0.931,0.946,-2.97,11598079,11074529.0
513230,港股消费ETF,0.911,0.94,0.899,0.906,-3.41,3371900,3055202.0
513300,纳斯达克ETF,1.08,1.082,1.055,1.058,-5.37,131708700,140801298.0
513330,恒生互联网ETF,0.532,0.535,0.516,0.524,-3.85,7321906646,3849071076.0
513360,教育ETF,0.406,0.409,0.394,0.397,-3.17,111698400,44811407.0
513500,标普500ETF,2.5,2.508,2.46,2.465,-4.23,187426400,465698735.0
513520,日经ETF,1.071,1.071,1.055,1.064,-2.21,2201000,2344383.0
513550,港股通50ETF,0.852,0.912,0.823,0.833,-2.91,263605700,219980673.0
513580,恒生科技ETF基金,0.64,0.64,0.616,0.626,-3.69,141678100,88894952.0
513590,香港消费ETF,0.796,0.796,0.771,0.78,-3.7,4264300,3339610.0
513600,恒生指数ETF,2.225,2.225,2.153,2.181,-2.98,26134600,57350100.0
513660,恒生ETF,2.271,2.276,2.218,2.23,-3.13,57698100,129350413.0
513680,恒生国企ETF,0.79,0.79,0.768,0.772,-2.4,916700,709419.0
513690,恒生高股息ETF,0.91,0.919,0.897,0.899,-2.07,34816800,31486371.0
513700,香港医药ETF,0.59,0.59,0.569,0.578,-2.86,16700400,9662887.0
513770,港股互联网ETF,0.917,0.931,0.886,0.906,-3.62,135301700,122475991.0
513800,东京证券指数ETF,1.08,1.08,1.054,1.06,-2.3,12000,12784.0
513860,港股通科技ETF,0.585,0.586,0.565,0.57,-3.72,42281900,24306276.0
513880,日经225ETF,1.044,1.044,1.023,1.03,-2.55,2517600,2603147.0
513890,HK科技ETF,0.909,0.909,0.877,0.892,-3.67,3937700,3537624.0
513900,港股通100ETF,0.936,0.936,0.905,0.923,-1.7,22939900,21063739.0
513980,港股科技50ETF,0.587,0.591,0.567,0.585,-2.01,94313700,54646424.0
513990,港股通ETF,0.889,0.889,0.86,0.865,-2.7,10134000,8803062.0
515000,科技ETF,1.565,1.573,1.523,1.542,-1.85,43915800,67832554.0
515010,券商ETF基金,1.182,1.182,1.142,1.153,-2.45,12535300,14551980.0
515020,银行ETF华夏,1.23,1.235,1.214,1.217,-1.46,3047300,3731526.0
515030,新能源车ETF,2.164,2.206,2.121,2.162,-1.41,273428402,594513470.0
515050,5GETF,1.107,1.116,1.076,1.093,-2.06,129022278,141453678.0
515060,房地产ETF基金,1.029,1.033,0.999,1.009,-2.13,11515400,11805740.0
515070,人工智能AIETF,1.254,1.254,1.198,1.218,-2.95,10751500,13196962.0
515080,中证红利ETF,1.483,1.484,1.446,1.457,-1.89,27012200,39656532.0
515090,可持续发展ETF,1.311,1.311,1.289,1.294,-1.75,447300,585605.0
515100,红利100ETF,1.522,1.531,1.494,1.507,-1.89,3763700,5706874.0
515110,一带一路国企ETF,1.304,1.305,1.271,1.283,-1.61,8844200,11451230.0
515120,创新药ETF,0.783,0.795,0.763,0.772,-1.78,69332300,54306112.0
515130,沪深300ETF博时,1.366,1.368,1.337,1.35,-1.75,7486100,10145439.0
515150,一带一路ETF,1.278,1.28,1.156,1.259,-1.95,232700,295261.0
515160,MSCI中国招商ETF,1.404,1.406,1.373,1.384,-1.49,1295600,1817345.0
515170,食品饮料ETF,0.798,0.798,0.77,0.779,-2.75,166152600,129860658.0
515180,红利ETF易方达,1.3,1.302,1.265,1.281,-1.54,32740500,42248500.0
515190,中银证券500ETF,1.403,1.416,1.403,1.414,-1.74,37800,53346.0
515200,创新100ETF,1.924,1.924,1.862,1.886,-1.67,1705600,3233534.0
515210,钢铁ETF,1.668,1.673,1.609,1.625,-3.39,80632400,132650122.0
515220,煤炭ETF,2.106,2.14,2.07,2.101,-1.41,118017300,249360148.0
515230,软件ETF,0.95,0.958,0.91,0.926,-3.74,44479700,41702525.0
515250,智能汽车ETF,1.078,1.091,1.055,1.066,-2.11,88638000,95555761.0
515260,电子ETF,0.966,0.974,0.945,0.955,-1.34,18654600,17891235.0
515280,银行龙头ETF,1.232,1.232,1.215,1.22,-1.13,10731200,13145621.0
515290,银行ETF天弘,1.055,1.058,1.041,1.044,-1.51,48886800,51439835.0
515300,红利低波ETF基金,1.21,1.21,1.185,1.186,-1.98,494545,587803.0
515310,沪深300添富ETF,1.257,1.257,1.23,1.242,-1.97,1818300,2252277.0
515320,电子50ETF,0.94,0.947,0.917,0.931,-1.59,30313800,28261347.0
515330,300ETF天弘,1.209,1.209,1.181,1.194,-1.49,7051000,8441233.0
515350,民生加银300ETF,5.537,5.537,5.407,5.451,-1.85,6059700,33121269.0
515360,方正沪深300ETF,5.713,5.716,5.612,5.653,-1.53,24046,136605.0
515380,泰康沪深300ETF,4.795,4.795,4.679,4.719,-1.83,31576900,149354309.0
515390,华安沪深300ETF,1.216,1.22,1.191,1.202,-1.88,60606400,72990644.0
515400,大数据ETF,0.939,0.95,0.901,0.911,-4.0,30143500,27839988.0
515450,红利低波50ETF,1.25,1.25,1.224,1.226,-1.76,19133400,23647122.0
515500,中证长三角领先,1.091,1.091,1.071,1.073,-1.74,156000,169281.0
515510,500成长ETF,1.533,1.533,1.5,1.503,-1.89,5000,7620.0
515520,MSCI价值100ETF,1.272,1.272,1.244,1.258,-1.1,54200,67507.0
515530,泰康中证500ETF,3.51,3.524,3.438,3.471,-1.42,4066400,14252192.0
515550,中融中证500ETF,1.43,1.43,1.386,1.427,0.0,11900,16539.0
515560,证券ETF建信,0.947,0.947,0.914,0.92,-2.85,17214700,15985827.0
515570,山证红利ETF,1.23,1.235,1.184,1.191,-3.33,461200,560534.0
515580,科技100ETF,0.887,0.889,0.86,0.87,-1.92,18055000,15890417.0
515590,500等权ETF,1.551,1.554,1.513,1.531,-1.35,6775700,10423828.0
515600,央企创新ETF,1.291,1.295,1.266,1.274,-1.92,2945800,3760782.0
515610,中银中证800ETF,0.989,0.989,0.973,0.973,-1.72,58900,57691.0
515630,证保ETF,1.138,1.144,1.104,1.113,-2.88,9231000,10415167.0
515650,消费50ETF,1.395,1.395,1.35,1.361,-2.72,29211700,39926795.0
515660,国联安沪深300ETF,5.058,5.079,4.96,4.981,-1.52,75000,374537.0
515670,中银中证100ETF,1.154,1.154,1.13,1.138,-1.39,8800,10082.0
515680,嘉实央企创新ETF,1.29,1.297,1.265,1.275,-1.77,173500,220566.0
515690,股息ETF,1.328,1.364,1.314,1.324,-1.85,254200,338006.0
515700,新能车ETF,2.813,2.848,2.745,2.791,-1.45,86026489,240983895.0
515710,食品ETF,0.824,0.829,0.798,0.807,-2.89,51566400,41825978.0
515750,科技50ETF,1.46,1.466,1.414,1.432,-2.25,14567000,21048513.0
515760,浙江国资ETF,1.173,1.175,1.142,1.159,-1.11,492500,573067.0
515770,上投摩根MSCIAETF,1.316,1.318,1.29,1.3,-1.52,14595500,19143817.0
515780,浦银MSCI中国ETF,1.525,1.527,1.487,1.498,-1.77,16293500,24642397.0
515790,光伏ETF,1.49,1.55,1.48,1.512,0.67,741769082,1123450991.0
515800,800ETF,1.243,1.243,1.215,1.224,-1.84,30241600,37174924.0
515810,中证800ETF,1.368,1.368,1.334,1.341,-1.97,9406100,12752503.0
515820,A800ETF,1.356,1.356,1.326,1.339,-1.62,211900,283928.0
515830,工银中证800ETF,5.072,5.072,5.072,5.072,-1.55,2000,10144.0
515850,证券龙头ETF,1.261,1.265,1.22,1.236,-2.52,17291700,21669612.0
515860,科技ETF基金,1.341,1.341,1.29,1.306,-2.61,3844000,5061813.0
515870,先进制造ETF,1.358,1.358,1.314,1.327,-2.28,4524400,6052390.0
515880,通信ETF,1.041,1.053,1.016,1.03,-2.28,64725965,67094988.0
515890,红利ETF博时,1.408,1.409,1.371,1.383,-1.85,7087300,9917015.0
515900,央创ETF,1.291,1.295,1.262,1.272,-1.93,5229600,6697037.0
515910,质量ETF,0.77,0.77,0.742,0.751,-2.47,17770300,13313659.0
515920,智能消费ETF,0.873,0.887,0.858,0.868,-2.03,14113600,12389152.0
515930,永赢沪深300ETF,5.665,5.667,5.513,5.585,-1.64,252100,1400865.0
515950,医药龙头ETF,1.374,1.378,1.329,1.344,-2.18,20172100,27465100.0
515960,医药健康ETF,1.038,1.048,1.009,1.022,-1.64,2005700,2065719.0
515980,人工智能ETF,1.087,1.087,1.049,1.065,-2.2,5728400,6095836.0
515990,国企一带一路ETF,1.325,1.325,1.282,1.312,-0.98,26800,35233.0
516000,大数据50ETF,1.0,1.007,0.947,0.973,-3.09,5307800,5186475.0
516010,游戏ETF,0.914,0.918,0.856,0.874,-4.79,99324000,87949369.0
516020,化工ETF,1.028,1.038,0.999,1.013,-1.55,14898500,15250767.0
516050,科技龙头ETF,0.801,0.808,0.782,0.793,-1.61,30964700,24672901.0
516060,创新药产业ETF,0.722,0.73,0.702,0.711,-1.66,3643400,2604892.0
516070,碳中和50ETF,0.683,0.698,0.674,0.683,-0.29,69804700,48037397.0
516080,创新药ETF易方达,0.752,0.764,0.732,0.741,-1.85,20390900,15297210.0
516090,新能源ETF易方达,0.734,0.751,0.721,0.733,-0.54,49929200,36782003.0
516100,互联网金融ETF,0.989,0.989,0.923,0.937,-5.16,5005300,4746241.0
516110,汽车ETF,1.114,1.114,1.074,1.087,-2.69,28244400,31050346.0
516120,化工50ETF,1.037,1.042,1.005,1.019,-1.55,17198400,17698125.0
516130,消费龙头ETF,0.935,0.944,0.901,0.91,-2.67,4460800,4087485.0
516150,稀土ETF基金,1.431,1.455,1.385,1.409,-1.54,59902800,85538290.0
516160,新能源ETF,1.212,1.247,1.198,1.219,-0.49,136762900,167358900.0
516180,光伏ETF平安,1.226,1.271,1.216,1.241,0.89,14973900,18702626.0
516190,文娱传媒ETF,0.988,0.99,0.943,0.958,-3.91,1093600,1069955.0
516200,证券行业ETF,1.01,1.013,0.978,0.987,-2.85,3944100,3947568.0
516210,银行股ETF,1.02,1.021,1.006,1.01,-1.37,6561600,6673372.0
516220,化工龙头ETF,1.073,1.081,1.042,1.056,-1.58,26132000,27974129.0
516260,物联网50ETF,0.933,0.939,0.909,0.923,-1.39,677900,623322.0
516270,新能源50ETF,0.961,0.978,0.94,0.953,-0.83,9467400,9103808.0
516290,光伏ETF基金,0.914,0.947,0.908,0.924,1.09,21159100,19665944.0
516300,1000ETF基金,1.18,1.183,1.139,1.158,-2.03,10009100,11740107.0
516310,银行ETF易方达,0.948,0.948,0.931,0.934,-1.48,19584700,18388127.0
516320,高端装备ETF,1.08,1.093,1.062,1.076,-0.37,3178200,3437846.0
516330,物联网ETF,1.138,1.138,1.095,1.115,-2.02,4039200,4516900.0
516350,芯片50ETF,0.922,0.929,0.898,0.917,-0.43,14693700,13455717.0
516360,新材料ETF,1.236,1.249,1.206,1.223,-1.13,6005700,7367891.0
516380,智能电动车ETF,1.103,1.105,1.071,1.085,-1.63,8120300,8807178.0
516390,新能源汽车ETF,1.157,1.175,1.135,1.155,-1.2,15502200,17933945.0
516480,新材料ETF基金,1.087,1.094,1.048,1.074,-1.29,5247600,5703855.0
516500,生物科技ETF,0.909,0.917,0.876,0.888,-2.2,5712000,5182014.0
516510,云计算ETF,0.966,0.978,0.925,0.942,-3.68,50811800,48332822.0
516520,智能驾驶ETF,1.123,1.133,1.095,1.112,-1.51,15040100,16865956.0
516530,物流快递ETF,0.942,0.949,0.92,0.928,-1.8,582600,544344.0
516550,农业ETF,0.885,0.888,0.865,0.875,-1.8,11410300,10027358.0
516560,养老ETF,0.939,0.939,0.909,0.92,-2.44,5337100,4931888.0
516570,化工行业ETF,1.041,1.048,1.022,1.036,-0.86,14646400,15259369.0
516580,新能源主题ETF,0.957,0.971,0.934,0.949,-0.84,6243800,5950205.0
516590,智能汽车50ETF,1.341,1.349,1.305,1.324,-1.34,17747000,23651897.0
516600,消费服务ETF,0.726,0.726,0.699,0.706,-2.62,5172900,3656011.0
516610,医疗服务ETF,0.722,0.724,0.697,0.704,-2.63,15749900,11199662.0
516620,影视ETF,1.049,1.049,0.984,1.0,-4.67,11627400,11704047.0
516630,云计算50ETF,0.963,0.967,0.911,0.929,-3.93,8555500,8011030.0
516640,芯片龙头ETF,0.852,0.858,0.83,0.846,-0.47,35616300,30156831.0
516650,有色50ETF,1.251,1.258,1.227,1.242,-0.72,1706300,2127938.0
516660,新能汽车ETF,1.349,1.366,1.316,1.338,-1.55,29825500,40272196.0
516670,畜牧养殖ETF,0.917,0.92,0.888,0.898,-2.07,15428700,13971840.0
516680,有色ETF基金,1.158,1.169,1.141,1.154,-0.43,1345200,1558631.0
516690,化工产业ETF,0.955,0.967,0.933,0.945,-1.97,3278500,3129204.0
516700,大数据产业ETF,1.014,1.016,0.962,0.982,-3.54,9740600,9629971.0
516710,新材料50ETF,0.889,0.902,0.87,0.887,-0.22,2953100,2618505.0
516720,ESGETF,0.949,0.951,0.931,0.935,-1.89,17700200,16695718.0
516730,证券公司ETF,0.935,0.935,0.903,0.913,-2.35,32873800,30415267.0
516750,建材ETF,1.107,1.107,1.052,1.069,-3.43,12062800,12943561.0
516760,养殖ETF,0.913,0.914,0.884,0.892,-2.41,6366500,5703662.0
516770,游戏动漫ETF,0.914,0.919,0.86,0.881,-4.24,18406500,16363095.0
516780,稀土ETF,1.338,1.364,1.298,1.319,-1.79,137534210,183876889.0
516790,医疗保健ETF,0.824,0.826,0.791,0.797,-3.39,18072160,14614101.0
516800,智能制造ETF,1.131,1.138,1.099,1.118,-1.15,16265300,18314019.0
516810,农业50ETF,0.93,0.959,0.93,0.945,-1.36,6197900,5881447.0
516820,医疗创新ETF,0.631,0.634,0.61,0.617,-2.37,30358700,18928534.0
516830,300ESGETF,0.894,0.898,0.852,0.881,-1.78,7674000,6813170.0
516850,新能源80ETF,1.454,1.487,1.435,1.477,1.3,5373300,7835870.0
516860,金融科技ETF,1.049,1.049,0.977,0.996,-5.41,20430800,20547866.0
516880,光伏50ETF,1.24,1.282,1.223,1.258,1.53,84828819,105695044.0
516890,新材料ETF平安,0.944,0.944,0.91,0.926,-0.96,6950900,6499445.0
516900,食品50ETF,0.866,0.868,0.837,0.847,-2.98,10503700,9003939.0
516910,物流ETF,1.095,1.105,1.071,1.081,-1.99,23059400,25184324.0
516920,芯片ETF基金,0.838,0.842,0.816,0.828,-0.96,10524800,8723226.0
516930,生物科技ETF基金,0.741,0.75,0.721,0.728,-2.28,3427700,2531531.0
516950,基建ETF,1.113,1.113,1.076,1.088,-3.2,77428800,84730828.0
516960,机械ETF,1.156,1.166,1.127,1.141,-1.3,14398700,16553367.0
516970,基建50ETF,1.237,1.245,1.195,1.209,-3.2,385227807,470849497.0
516980,证券先锋ETF,1.016,1.022,0.99,0.997,-2.83,923400,925923.0
517000,沪港深500ETF,0.832,0.832,0.809,0.814,-2.16,11722500,9575232.0
517010,沪港深500ETF指数,0.933,0.933,0.905,0.905,-2.69,85000,77534.0
517030,沪港深300ETF基金,0.967,0.967,0.941,0.947,-1.97,978100,928422.0
517050,互联网50ETF,0.669,0.669,0.627,0.646,-3.0,32487393,21172355.0
517080,沪港深500ETF基金,0.833,0.84,0.817,0.826,-1.78,14763000,12216854.0
517090,共赢ETF,1.056,1.056,1.014,1.049,-0.66,3155900,3292281.0
517100,AH500ETF,0.831,0.831,0.813,0.818,-2.15,10167100,8379608.0
517110,创新药沪深港ETF,0.751,0.751,0.722,0.729,-2.02,28576000,21208956.0
517120,沪港深创新药ETF,0.667,0.669,0.645,0.651,-2.4,14998400,9896040.0
517160,长江保护主题ETF,0.923,0.923,0.898,0.907,-1.73,3129100,2834154.0
517170,沪港深ETF,0.881,0.881,0.861,0.866,-2.26,1569400,1363529.0
517180,开放共赢ETF,1.043,1.063,1.043,1.055,-0.85,1180200,1248908.0
517200,互联网ETF,0.629,0.629,0.6,0.61,-3.79,12060600,7408002.0
517270,沪港深科技TOPETF,0.926,0.926,0.897,0.909,-2.57,3215900,2936754.0
517280,网购ETF,0.915,0.915,0.869,0.88,-3.83,17972400,15952551.0
517300,沪港深300ETF,0.803,0.803,0.781,0.786,-2.12,7247800,5717531.0
517330,长江保护ETF,0.925,0.928,0.901,0.904,-2.27,540200,488166.0
517350,中概科技ETF,0.744,0.745,0.723,0.732,-2.27,3551500,2607402.0
517360,沪港深科技ETF,0.839,0.839,0.812,0.822,-3.07,1122400,922082.0
517380,创新药沪港深ETF,0.719,0.719,0.692,0.698,-2.24,13639400,9682681.0
517390,云计算沪港深ETF,0.926,0.926,0.883,0.895,-4.07,9666900,8824088.0
517550,消费ETF沪港深,0.928,0.928,0.904,0.908,-3.09,880299,808421.0
517660,物联网沪港深ETF,0.927,0.932,0.906,0.917,-2.03,3923000,3628376.0
517770,游戏传媒ETF,0.955,0.955,0.901,0.915,-4.09,10526800,9811112.0
517800,人工智能50ETF,0.828,0.828,0.801,0.812,-2.05,459900,373716.0
517880,品牌消费ETF,0.932,0.932,0.899,0.906,-3.0,7406600,6736924.0
517960,科技AHETF,0.938,0.939,0.91,0.92,-2.65,4066700,3747153.0
518600,上海金ETF,3.82,3.895,3.82,3.879,2.11,2328083,8985724.0
518660,黄金ETF基金,3.815,3.895,3.815,3.889,2.26,5123209,19822717.0
518680,金ETF,3.808,3.99,3.808,3.881,2.32,3896480,15043269.0
518800,黄金基金ETF,3.75,3.839,3.75,3.813,2.23,64242800,242554762.0
518850,黄金ETF9999,3.828,3.903,3.828,3.895,2.2,6272226,24311130.0
518860,黄金ETFAU,3.848,4.01,3.825,3.879,1.92,746850,2914658.0
518880,黄金ETF,3.795,3.866,3.794,3.853,2.15,364223522,1394901592.0
518890,中银上海金ETF,3.852,3.96,3.852,3.914,2.09,4140100,16090869.0
560000,智慧电车ETF,0.991,0.992,0.961,0.962,-2.83,2020800,1969410.0
560050,MSCI中国A50ETF,0.927,0.928,0.906,0.913,-1.72,903499024,830840616.0
560100,中证500增强ETF,1.011,1.017,0.989,0.998,-1.67,99407800,100315869.0
560500,中证500成长ETF,1.055,1.055,1.021,1.033,-1.62,2818000,2927480.0
560560,泰康碳中和ETF,0.916,0.933,0.904,0.914,-0.22,29126000,26831614.0
560660,云50ETF,0.903,0.905,0.854,0.87,-4.29,6676400,5870633.0
560800,数字经济ETF,0.87,0.88,0.85,0.861,-1.6,58188000,50284703.0
561100,消费电子龙头ETF,0.971,0.98,0.947,0.957,-2.15,21355000,20721904.0
561120,家电ETF,0.997,0.997,0.963,0.968,-2.91,16465700,16209900.0
561130,国货ETF,0.899,0.899,0.873,0.884,-2.1,25188200,22469099.0
561300,300增强ETF,0.905,0.905,0.881,0.888,-1.99,473686000,421875341.0
561310,消电ETF,0.89,0.897,0.851,0.875,-1.8,1997200,1750575.0
561350,国泰中证500ETF,0.982,0.986,0.959,0.97,-1.62,69297800,67938322.0
561500,漂亮50ETF,0.815,0.816,0.793,0.803,-2.07,1442800,1159089.0
561550,500增强ETF,0.973,0.975,0.945,0.956,-1.95,245512700,237626188.0
561600,消费电子ETF,0.962,0.963,0.937,0.944,-1.87,499900,472954.0
561800,稀有金属ETF基金,0.988,0.994,0.948,0.967,-2.32,16734000,16287649.0
561900,沪深300ESGETF,0.906,0.907,0.886,0.895,-1.76,4856200,4331342.0
561910,电池ETF,0.889,0.91,0.875,0.892,-0.67,39036400,35000868.0
561990,沪深300增强ETF,0.92,0.922,0.898,0.906,-1.74,152769000,139288242.0
562300,碳中和ETF基金,0.918,0.936,0.903,0.917,-0.11,7992000,7343734.0
562360,机器人50ETF,0.979,0.991,0.954,0.967,-1.43,2448700,2384201.0
562500,机器人ETF,0.878,0.889,0.858,0.87,-1.14,4241500,3712260.0
562510,旅游ETF,1.047,1.051,1.014,1.023,-2.57,26995200,27818872.0
562800,稀有金属ETF,0.91,0.921,0.878,0.897,-2.29,54774500,49431520.0
562880,电池ETF基金,0.948,0.965,0.928,0.945,-0.94,24896700,23629362.0
562900,现代农业ETF,1.017,1.018,0.99,1.001,-1.57,10450200,10535948.0
562910,高端制造ETF,0.93,0.947,0.922,0.931,-0.75,1533000,1435428.0
562950,消费电子50ETF,0.918,0.926,0.899,0.909,-1.62,5786300,5265785.0
563000,中国A50ETF,0.925,0.928,0.906,0.914,-1.72,1582110344,1454609260.0
588000,科创50ETF,1.271,1.289,1.248,1.266,-1.02,830221851,1052939183.0
588050,科创ETF,1.257,1.275,1.235,1.252,-0.95,117759617,148259891.0
588060,科创板龙头ETF,0.792,0.799,0.773,0.783,-1.39,6711700,5252756.0
588080,科创板50ETF,1.259,1.274,1.234,1.249,-1.19,322231176,405673567.0
588090,科创板ETF,1.274,1.287,1.247,1.264,-1.02,70765036,89923341.0
588150,科创龙头ETF,0.866,0.871,0.841,0.853,-1.5,7799400,6685402.0
588180,科创50ETF基金,0.87,0.87,0.772,0.792,0.13,53098900,42275973.0
588280,科创50ETF华安,0.905,0.908,0.877,0.889,-1.44,40857000,36514416.0
588300,双创ETF,0.735,0.742,0.716,0.724,-1.63,122443200,89542919.0
588310,双创ETF基金,0.815,0.818,0.793,0.805,-1.47,519900,419528.0
588330,双创龙头ETF,0.728,0.735,0.709,0.717,-1.65,85661800,61891466.0
588360,科创创业ETF,0.755,0.763,0.735,0.746,-1.58,51257300,38605968.0
588380,创50ETF,0.732,0.745,0.719,0.727,-1.62,121355000,89167650.0
588390,科创创业50ETF,0.803,0.81,0.781,0.792,-1.61,31664781,25332184.0
588400,双创50ETF,0.732,0.74,0.713,0.724,-1.5,120602900,87905023.0
159601,A50,0.927,0.93,0.908,0.915,-1.93,1644073223,1515676951.756
159602,中国A50,0.928,0.93,0.907,0.916,-1.72,290894082,267789610.28
159605,互联中概,0.835,0.839,0.808,0.817,-4.89,723664978,596524038.852
159606,500成长,0.981,0.982,0.956,0.965,-1.63,20118346,19521260.761
159607,中概互联,0.853,0.853,0.818,0.824,-5.07,112525438,93790414.89
159608,稀有金属,1.006,1.016,0.969,0.99,-2.27,59643251,59653498.857
159610,500增强,0.932,0.938,0.915,0.926,-1.07,114312489,106380161.989
159611,电力ETF,0.907,0.931,0.894,0.905,-0.77,142952175,130876006.913
159613,嘉实信安,0.961,0.962,0.918,0.933,-3.01,20731551,19504268.756
159619,基建ETF,0.995,0.995,0.955,0.967,-2.91,28926011,28190858.639
159701,物联50,0.915,0.917,0.889,0.902,-1.42,1158890,1048015.243
159702,AIETF,1.094,1.094,1.049,1.061,-3.46,288300,307438.9
159703,新材料,1.124,1.124,1.085,1.1,-1.26,6807800,7504784.6
159706,深100E,0.894,0.894,0.864,0.874,-2.13,3139400,2749618.9
159707,地产ETF,1.051,1.06,1.027,1.035,-2.45,8581708,8915960.596
159708,红利ETF,0.877,0.877,0.848,0.856,-2.51,6499417,5593858.726
159709,物联基金,0.94,0.946,0.915,0.928,-1.8,660817,613050.28
159710,智能电车,0.92,0.925,0.898,0.911,-0.87,2595162,2357433.042
159711,港股50,1.007,1.007,0.97,0.98,-2.68,5034808,4928921.308
159712,港股通50,0.943,0.943,0.917,0.924,-2.94,33861618,31544189.76
159713,稀土ETF,0.984,1.006,0.956,0.973,-1.52,62050000,61129004.7
159715,稀土,0.866,0.881,0.838,0.854,-1.5,64627004,56028957.154
159716,深创100,0.887,0.888,0.858,0.869,-2.03,2679516,2344928.09
159717,ESG,0.977,0.978,0.958,0.962,-1.94,1661702,1597232.716
159718,港股医药,0.86,0.86,0.815,0.83,-3.49,2715500,2262399.0
159719,开放共赢,1.051,1.054,1.045,1.047,-0.85,39000,40912.3
159720,智能车TK,0.959,0.96,0.929,0.941,-1.57,31319309,29662869.608
159721,深创ETF,0.872,0.878,0.849,0.859,-2.39,4186800,3617605.1
159723,科技龙头,0.838,0.85,0.826,0.836,-2.56,1078721,898094.797
159725,线上消费,0.821,0.826,0.792,0.801,-3.61,919401,738936.0
159726,恒生红利,1.058,1.058,1.03,1.033,-2.73,5640600,5886872.9
159728,在线消费,0.877,0.88,0.841,0.855,-3.39,4403324,3807044.905
159729,互联ETF,0.725,0.725,0.693,0.702,-4.23,6659906,4718946.267
159730,家电龙头,0.962,0.962,0.93,0.94,-2.69,8377121,7963851.23
159731,石化ETF,0.975,0.976,0.956,0.963,-0.93,2457604,2376268.432
159732,消费电子,0.938,0.94,0.913,0.925,-1.39,10292600,9508214.9
159733,消电ETF,1.006,1.008,0.977,0.988,-1.79,5331501,5289496.403
159735,港股消费,0.751,0.751,0.725,0.726,-3.33,3699600,2712358.6
159736,饮食ETF,0.996,0.996,0.963,0.971,-3.09,30375507,29757264.59
159738,云50ETF,0.968,0.97,0.925,0.938,-4.09,19171700,18014148.8
159739,大数据,0.94,0.945,0.896,0.914,-3.59,18644279,17249401.659
159740,恒生科技,0.641,0.641,0.59,0.628,-3.53,86392204,54203865.988
159741,港股科技,0.63,0.631,0.6,0.618,-3.59,34755201,21578470.114
159742,恒指科技,0.639,0.642,0.62,0.63,-3.52,67129500,42492392.3
159743,湖北ETF,0.927,0.933,0.899,0.907,-2.26,2282600,2122174.7
159745,建材ETF,0.977,0.979,0.93,0.945,-3.67,70656101,67190209.241
159747,香港科技,0.629,0.629,0.605,0.613,-3.92,57293902,35220359.719
159748,AH创新药,0.766,0.775,0.747,0.754,-2.2,5741829,4390435.331
159750,科技HK50,0.941,0.941,0.885,0.904,-3.93,17358409,15748807.994
159751,港科技,0.858,0.858,0.815,0.831,-3.37,5558911,4656460.44
159752,新能源50,0.98,0.999,0.959,0.986,0.82,9945300,9743880.2
159755,电池ETF,1.149,1.164,1.122,1.14,-1.72,119509951,137003575.401
159757,电池30,0.91,0.92,0.887,0.899,-1.75,61505703,55523715.612
159758,红利50,0.925,0.931,0.903,0.915,-1.72,2793283,2569692.738
159760,公卫健康,0.838,0.847,0.816,0.825,-2.14,25229137,20981174.021
159761,新材ETF,0.889,0.898,0.866,0.879,-1.12,23703116,20902000.227
159763,新材料50,0.883,0.896,0.868,0.88,-0.68,914108,804380.041
159766,旅游ETF,1.031,1.045,1.008,1.02,-2.3,103350602,106210332.522
159767,电池龙头,0.918,0.921,0.891,0.904,-1.53,8048000,7285819.8
159768,地产龙头,0.987,0.997,0.967,0.977,-1.51,17105519,16802759.43
159770,机器人AI,0.899,0.912,0.877,0.888,-1.77,20337624,18278253.012
159773,创科技,0.893,0.901,0.864,0.875,-2.34,9691900,8568144.9
159775,电池新能,0.982,0.985,0.952,0.962,-2.04,1759895,1699335.782
159777,创科技E,0.875,0.881,0.844,0.858,-2.5,606701,519940.455
159778,工业互联,1.019,1.025,0.989,1.007,-1.95,22285403,22537976.877
159779,消电50,0.875,0.882,0.855,0.869,-1.25,3504106,3051180.745
159780,双创ETF,0.726,0.734,0.708,0.717,-1.65,339245319,245188636.449
159781,科创创业,0.72,0.729,0.703,0.71,-1.93,687812824,493477964.52
159782,双创50,0.724,0.731,0.704,0.711,-2.07,31486886,22579649.427
159783,双创基金,0.728,0.737,0.71,0.726,-0.68,476895639,345850768.675
159786,VRETF,0.953,0.953,0.912,0.927,-2.93,13536902,12599643.696
159789,饮料ETF,0.887,0.887,0.848,0.857,-4.25,1405600,1211877.3
159790,碳中和,0.927,0.95,0.918,0.93,-0.43,242603027,227193771.278
159792,互联网,0.755,0.756,0.724,0.74,-3.77,109173400,80940129.7
159793,线上ETF,0.86,0.863,0.831,0.841,-3.78,705907,597555.172
159795,智能车辆,1.023,1.034,0.999,1.013,-1.46,15410180,15661041.202
159801,芯片基金,1.463,1.478,1.43,1.454,-0.62,36751405,53500746.584
159804,创精选88,1.357,1.357,1.296,1.32,-2.51,278001,366013.305
159805,传媒ETF,0.986,0.989,0.933,0.948,-4.34,23529100,22494535.2
159806,新能车,0.93,0.942,0.907,0.922,-1.6,62882603,58295579.551
159807,科技50,0.705,0.713,0.69,0.699,-2.1,57714030,40666071.238
159808,创业板RT,1.061,1.068,1.028,1.043,-1.7,4119500,4305698.8
159810,浦银创业,1.124,1.125,1.086,1.1,-2.14,3397100,3762695.6
159811,5G50ETF,1.145,1.151,1.113,1.128,-1.74,9414200,10684682.9
159812,黄金基金,3.829,4.18,3.805,3.888,2.32,3754932,14640714.236
159813,芯片,0.939,0.95,0.919,0.934,-0.95,74910717,69957605.497
159814,创业大盘,0.533,0.541,0.522,0.528,-1.86,41480090,22026777.03
159815,浙江100,1.118,1.122,1.097,1.097,-2.23,129900,145301.0
159816,0-4地债,102.801,102.85,102.713,102.781,-0.04,117400,12063823.4
159819,AI智能,0.97,0.977,0.935,0.947,-3.27,59628808,57257850.392
159820,500ETF基,1.083,1.083,1.054,1.064,-1.85,9849800,10513858.0
159821,BOCI创业,1.047,1.047,1.012,1.031,-1.53,1152000,1173183.6
159822,新经济,0.706,0.706,0.682,0.687,-3.38,21595905,14986221.02
159823,H股50ETF,0.77,0.77,0.747,0.754,-3.21,6451700,4892284.8
159824,新能汽车,1.398,1.411,1.361,1.382,-1.78,14753706,20483526.898
159825,农业ETF,0.979,0.986,0.96,0.969,-1.82,149040700,145466494.599
159827,农业50,1.025,1.032,1.001,1.015,-1.74,18471776,18875685.174
159828,医疗ETF,0.7,0.707,0.679,0.686,-2.7,102756700,71249121.5
159830,上海金,3.801,3.865,3.798,3.852,2.04,12512622,48081648.641
159835,创新药业,0.818,0.836,0.802,0.814,-1.45,1134400,933919.7
159836,创300ETF,0.992,0.995,0.955,0.97,-2.22,3138910,3068523.37
159837,生物科技,0.691,0.703,0.674,0.682,-2.15,110964117,76840054.23
159838,医药50,0.789,0.794,0.765,0.773,-2.15,6212601,4827107.191
159839,生物药,0.67,0.679,0.65,0.655,-2.67,31253104,20784049.176
159840,锂电池50,0.899,0.911,0.879,0.891,-1.87,70579308,63283433.276
159841,证券ETF,0.947,0.951,0.918,0.928,-2.62,128145713,119784153.284
159842,券商ETF,0.994,0.996,0.96,0.973,-2.51,35608605,34824712.55
159843,食品饮料,0.866,0.866,0.835,0.843,-2.88,11562501,9818859.938
159845,中证1000,0.776,0.786,0.755,0.766,-2.17,59879419,46291318.087
159847,中证医疗,0.621,0.626,0.602,0.61,-1.77,45591402,28071635.51
159848,证券公司,0.843,0.845,0.815,0.823,-2.72,12488239,10314022.853
159849,生物ETF,0.736,0.742,0.714,0.722,-2.04,8008200,5837370.4
159850,H股50,0.698,0.698,0.679,0.684,-3.39,93625905,64493228.475
159851,金科ETF,1.183,1.184,1.104,1.134,-5.1,44578100,50935329.3
159852,软件ETF,0.962,0.971,0.929,0.944,-3.28,36668100,34831261.5
159853,科技100,0.984,0.992,0.957,0.969,-2.02,1936612,1880515.008
159855,影视ETF,0.933,0.933,0.874,0.892,-4.39,17586015,15798568.545
159856,互联网50,0.617,0.617,0.589,0.596,-3.56,17232903,10326363.58
159857,光伏ETF,1.24,1.293,1.236,1.261,0.64,112708597,142450533.791
159858,创新药指,0.812,0.822,0.789,0.799,-1.72,21498700,17439556.7
159859,生物药30,0.707,0.712,0.683,0.69,-2.27,28761013,20229070.444
159861,环保ETF,1.417,1.448,1.397,1.418,-0.14,23458800,33517512.2
159862,食品ETF,0.936,0.936,0.904,0.912,-2.88,4101205,3750624.455
159863,光伏产业,0.968,1.002,0.959,0.977,0.83,23593102,23184957.122
159864,光伏50,0.891,0.939,0.891,0.914,0.66,107431107,99297569.138
159865,养殖ETF,0.869,0.875,0.845,0.851,-2.74,199077318,170645235.826
159866,日经ETF,0.825,0.825,0.81,0.812,-2.52,374500,305151.7
159867,畜牧ETF,0.862,0.863,0.833,0.842,-2.55,44188408,37463539.382
159869,游戏ETF,0.918,0.918,0.857,0.876,-4.99,108980604,96568579.626
159870,化工ETF,0.991,0.999,0.962,0.975,-1.71,54986283,54253283.479
159871,有色金属,1.348,1.357,1.322,1.341,-0.74,6870500,9254959.4
159872,车联网,1.013,1.029,0.98,0.991,-2.08,2939700,2946765.2
159873,医疗设备,0.815,0.82,0.788,0.797,-2.45,10094400,8190886.4
159875,新能源,0.929,0.946,0.91,0.925,-0.64,54346900,50488103.1
159876,有色,1.379,1.402,1.365,1.383,-0.79,3698200,5135018.4
159877,医保ETF,0.868,0.874,0.839,0.847,-2.98,6332102,5404682.384
159880,有色50,1.33,1.345,1.316,1.328,-0.23,3987403,5316869.714
159881,有色60,1.257,1.263,1.23,1.244,-0.88,15374200,19208517.9
159883,医疗器械,0.712,0.72,0.692,0.699,-2.51,60555400,42793428.5
159885,低碳ETF,0.947,0.964,0.931,0.945,-0.11,28063869,26717133.157
159886,机械ETF,1.198,1.219,1.177,1.192,-0.91,18250800,21983055.4
159887,银行ETF,0.97,0.973,0.958,0.962,-1.33,35854405,34585909.128
159888,智能车,1.203,1.212,1.17,1.189,-1.41,4330200,5166193.7
159889,智车ETF,1.044,1.058,1.023,1.036,-1.71,18187708,19134298.685
159890,云ETF,0.997,0.997,0.944,0.962,-3.51,14548700,14072909.8
159891,医疗,0.669,0.669,0.641,0.651,-2.54,3837500,2508168.6
159892,恒生生物,0.69,0.69,0.659,0.666,-3.48,25688844,17272137.472
159895,物联网50,0.984,0.991,0.962,0.971,-1.82,8051000,7919008.2
159896,物联龙头,0.908,0.917,0.887,0.899,-1.64,11983509,10826910.252
159897,物联ETF,0.986,0.993,0.962,0.975,-1.61,1977900,1922955.1
159898,器械ETF,0.711,0.712,0.683,0.692,-2.67,13567503,9441411.976
159899,软件基金,0.905,0.905,0.86,0.88,-3.3,5020708,4390871.636
159901,深100ETF,3.51,3.525,3.42,3.454,-2.35,23736060,82377750.18
159902,中小100,4.628,4.634,4.498,4.551,-1.81,2515600,11452836.7
159903,深成ETF,1.561,1.563,1.527,1.533,-1.98,615000,949282.8
159905,深红利,2.268,2.268,2.19,2.21,-2.81,38327500,85336321.6
159906,深成长,1.33,1.33,1.28,1.295,-2.41,3131100,4082269.6
159907,中小300,1.892,1.892,1.855,1.89,-0.11,13500,25101.7
159908,创业板BS,2.538,2.557,2.465,2.499,-2.04,3681300,9254882.2
159909,深TMT,0.728,0.728,0.703,0.711,-2.34,589000,418338.8
159910,深F120,2.36,2.36,2.287,2.305,-2.29,74800,172180.1
159912,深300ETF,1.808,1.811,1.77,1.779,-1.6,85500,151908.8
159913,深价值,2.214,2.257,2.169,2.211,-1.95,52300,115221.6
159915,创业板,2.721,2.759,2.662,2.693,-2.21,469738049,1275508051.399
159916,深F60,5.355,5.424,5.305,5.315,-3.33,33500,180387.1
159918,中创400,2.08,2.08,2.011,2.055,-2.14,51400,104792.6
159919,300ETF,4.596,4.604,4.492,4.529,-1.93,106884114,486286071.731
159920,恒生ETF,1.202,1.202,1.17,1.178,-3.2,928251766,1098228876.237
159922,500ETF,6.883,6.889,6.699,6.772,-1.68,22416549,152438950.522
159923,100ETF,2.04,2.073,2.011,2.02,-0.98,34200,69644.5
159925,南方300,2.213,2.217,2.166,2.182,-1.84,824354,1798136.49
159926,国债ETF,115.967,116.19,115.437,115.99,0.02,5300,613806.0
159928,消费ETF,1.115,1.121,1.084,1.095,-2.58,120199700,132185191.8
159929,医药ETF,1.806,1.82,1.756,1.774,-1.77,17042900,30504559.0
159930,能源ETF,0.995,1.017,0.988,1.0,0.81,38228000,38210493.5
159931,金融ETF,1.648,1.652,1.62,1.635,-1.45,974600,1592014.8
159932,500深ETF,1.915,1.915,1.849,1.873,-0.64,168800,317130.0
159933,金地ETF,2.405,2.434,2.377,2.419,-0.62,35600,85595.7
159934,黄金ETF,3.76,3.833,3.76,3.817,2.2,98425195,373448438.662
159935,景顺500,2.031,2.144,2.03,2.08,-1.19,79900,164495.5
159936,可选消费,1.843,1.852,1.796,1.812,-2.37,117800,213980.6
159937,黄金9999,3.79,3.87,3.79,3.852,2.18,112838900,432590638.5
159938,医药,1.709,1.736,1.67,1.691,-1.63,9363300,15975323.8
159939,信息技术,1.373,1.375,1.326,1.345,-2.18,4419700,5974211.8
159940,金融,1.042,1.042,1.018,1.021,-1.92,5807000,5956733.5
159941,纳指ETF,2.656,2.657,2.591,2.599,-5.35,42918500,112485635.5
159943,深证ETF,1.352,1.352,1.314,1.33,-1.48,379480,503405.2
159944,材料ETF,1.28,1.28,1.233,1.246,-1.74,371600,465116.3
159945,能源,0.897,0.917,0.893,0.907,1.0,3916300,3541346.9
159948,创业板EF,2.995,3.031,2.924,2.961,-2.08,11895218,35610371.186
159949,创业板50,1.222,1.24,1.192,1.209,-2.11,979028136,1191021988.236
159951,中关村A,0.98,0.98,0.953,0.976,0.0,82300,79930.5
159952,创业ETF,1.652,1.671,1.611,1.634,-1.98,45505100,74513352.0
159954,H股ETF,0.776,0.777,0.755,0.761,-3.18,30673300,23466963.5
159955,创业板E,1.525,1.527,1.478,1.499,-1.7,342400,513744.8
159956,创业板F,1.681,1.688,1.603,1.655,-2.19,116500,191677.9
159957,创业板HX,1.786,1.791,1.731,1.754,-1.79,1818500,3196805.1
159958,创业板ET,1.649,1.654,1.595,1.617,-2.0,3906200,6327135.2
159959,央企ETF,1.371,1.371,1.349,1.352,-1.89,1506700,2045876.3
159960,恒生国企,0.76,0.769,0.74,0.745,-2.49,5388800,4037071.0
159961,深100,2.068,2.076,2.016,2.029,-2.64,89900,184447.1
159962,四川国改,1.948,1.948,1.88,1.905,-2.46,103300,198606.4
159964,创业板PA,1.749,1.76,1.7,1.725,-1.37,73300,126164.2
159965,央视50,1.433,1.433,1.4,1.414,-1.39,781300,1105652.9
159966,创蓝筹,0.551,0.554,0.534,0.541,-2.17,28232516,15380094.107
159967,创成长,0.678,0.69,0.666,0.68,-0.58,219086633,148885974.557
159968,ZZ500ETF,7.784,7.798,7.573,7.659,-1.62,3331440,25650191.875
159969,深100P,1.513,1.513,1.473,1.49,-2.04,1843600,2766341.4
159970,深100ET,5.96,5.96,5.812,5.812,-3.05,43500,256301.8
159971,创业100,1.91,1.925,1.859,1.882,-2.13,178100,334352.3
159972,5年地债,108.75,108.949,108.75,108.75,0.0,192200,20904897.9
159973,民企100,1.622,1.658,1.622,1.646,-1.26,8400,13725.1
159974,央企创新,1.372,1.372,1.341,1.355,-1.67,1388200,1887382.8
159975,深100SZ,0.694,0.694,0.675,0.68,-2.02,3473000,2363516.1
159976,湾创ETF,1.156,1.156,1.127,1.136,-2.24,1933445,2210503.04
159977,创业板TH,2.85,2.877,2.778,2.826,-1.53,13265900,37350820.4
159978,湾区ETF,1.112,1.115,1.081,1.108,-0.89,376901,411009.581
159979,湾创100,1.094,1.094,1.076,1.076,-2.27,12300,13406.8
159980,有色ETF,1.59,1.608,1.59,1.607,0.69,44435200,71084598.2
159981,能源化工,1.619,1.654,1.619,1.647,2.17,62160200,101856992.6
159982,中证500,1.569,1.582,1.538,1.557,-1.39,10164700,15902365.2
159983,大湾区,1.268,1.268,1.238,1.247,-2.58,1744800,2192513.3
159984,湾区基金,1.18,1.2,1.158,1.16,-2.27,35200,40966.2
159985,豆粕ETF,1.531,1.59,1.529,1.568,4.26,63488956,98743644.856
159986,消费100,1.262,1.277,1.24,1.249,-2.19,175300,220455.1
159987,创新ETF,1.631,1.639,1.589,1.605,-2.19,5317300,8661779.9
159988,粤债ETF,1.034,1.036,1.034,1.034,0.0,1200,1241.5
159990,小盘价值,1.346,1.351,1.309,1.321,-2.08,3176400,4216672.9
159991,创大盘,0.578,0.582,0.561,0.568,-2.07,20671300,11783513.4
159992,创新药,1.057,1.076,1.031,1.042,-1.98,143727373,151785642.027
159993,龙头券商,1.111,1.116,1.077,1.086,-2.69,52923335,57904627.954
159994,5GETF,0.911,0.917,0.885,0.897,-2.07,42559700,38325379.065
159995,芯片ETF,1.465,1.484,1.433,1.465,-0.61,412892573,602626962.383
159996,家电ETF,1.16,1.162,1.124,1.134,-2.91,68855585,78847678.383
159997,电子ETF,1.223,1.229,1.191,1.207,-1.79,38789401,47119459.9
159998,计算机,1.008,1.014,0.969,0.98,-3.35,34328700,34007785.1
159999,永赢500,1.106,1.109,1.08,1.095,-1.26,233100,254676.8
