000108,380消费,16257.85,16812.98,16241.8,16666.67,2.76,448917400,12228026880.0
000911,300可选,7516.07,7716.66,7511.71,7674.27,2.63,1634233300,41241567488.0
000913,300医药,14526.55,14943.78,14466.09,14887.9,2.58,699877400,40233855744.0
000915,300信息,3035.06,3113.9,3033.76,3104.55,2.5,3887116000,75756224512.0
000952,300地产,6483.08,6704.24,6469.16,6638.97,2.42,681028000,7840424192.0
000948,内地地产,4731.68,4869.94,4725.82,4844.84,2.34,1745266300,13628685056.0
000933,中证医药,13388.73,13725.38,13348.91,13685.18,2.29,1248899600,49189955072.0
000103,沪消费品,13373.25,13709.98,13349.52,13636.12,2.24,830937000,56379971072.0
000069,消费80,7553.34,7758.82,7537.45,7700.82,2.19,1804875200,89426915328.0
000991,全指医药,13616.65,13937.3,13596.95,13902.24,2.18,2844108400,84050767872.0
000074,消费等权,12600.58,12967.42,12569.75,12850.57,2.14,518662300,38125700352.0
000126,消费50,12839.61,13189.26,12826.64,13078.8,2.11,1434124500,66241264640.0
000931,中证可选,6839.52,6984.83,6838.07,6958.93,2.08,3950542900,64885608448.0
000036,上证消费,18883.51,19489.47,18835.81,19236.2,2.07,518662300,38125700352.0
000109,380医药,13876.07,14165.19,13856.47,14147.82,2.06,300312900,7687471360.0
000963,中证下游,8059.98,8260.24,8054.1,8202.82,2.06,5582876200,186600558592.0
000942,内地消费,14380.05,14753.02,14362.98,14620.11,2.06,2396099300,99613986816.0
000037,上证医药,9399.69,9612.0,9365.96,9574.41,2.01,434412600,23302917888.0
000935,中证信息,5809.35,5926.84,5805.94,5913.26,1.94,5835416300,107560140800.0
000918,300成长,7055.19,7240.46,7051.94,7185.05,1.91,4498073100,178346565632.0
000920,300R成长,5227.22,5358.83,5226.05,5320.14,1.9,13650796300,331786846208.0
000035,上证可选,3875.85,3949.11,3874.81,3936.44,1.85,1421032100,32730802176.0
000975,钱江30,1836.66,1890.05,1836.45,1876.18,1.83,866899000,23558381056.0
000969,300非周,6324.85,6465.73,6324.16,6429.89,1.82,10736787200,285431083008.0
000903,中证100,4851.09,4975.3,4848.92,4931.76,1.81,9633271800,216112738304.0
000075,医药等权,10290.76,10475.68,10282.64,10463.37,1.79,434412600,23302917888.0
000912,300消费,34016.8,34972.78,33859.56,34496.08,1.78,573963600,55231706624.0
000978,医药100,16350.15,16657.52,16348.87,16638.04,1.77,1226123900,60238760448.0
000039,上证信息,4847.18,4911.48,4835.89,4898.22,1.77,854952300,39995988736.0
000121,医药主题,11782.86,11987.26,11776.59,11974.91,1.73,547400100,24299198976.0
000980,中证超大,3260.03,3340.35,3258.05,3314.91,1.7,5683925800,142699544576.0
000065,上证龙头,3794.72,3869.86,3794.17,3854.47,1.7,4721435900,121137852416.0
000016,上证50,3312.33,3393.16,3309.95,3360.18,1.68,4255631300,119308181504.0
000989,全指可选,5766.72,5856.52,5766.32,5840.88,1.68,8235803100,111090585600.0
000005,商业指数,2901.64,2973.2,2900.93,2953.62,1.67,3743558000,42471202048.0
000300,沪深300,5000.69,5114.5,4999.41,5078.69,1.66,22056877600,425680957440.0
000043,超大盘,2612.97,2681.06,2611.13,2656.96,1.62,1815569700,69857284096.0
000049,上证民企,2767.83,2821.34,2765.5,2806.45,1.6,2340842300,77307187200.0
000990,全指消费,21904.83,22455.33,21865.77,22199.09,1.59,2702618400,99181809664.0
000943,新基建50,1642.62,1672.64,1641.43,1663.16,1.58,1695850900,59914945280.0
000934,中证金融,5871.87,6033.81,5859.16,5965.22,1.57,9787367900,111235129344.0
000073,可选等权,3816.88,3873.05,3814.02,3862.82,1.56,1421032100,32730802176.0
000914,300金融,6226.36,6399.54,6211.24,6323.24,1.55,7059300100,94723969024.0
000992,全指金融,5641.01,5794.87,5629.8,5729.83,1.54,10548154100,116878471168.0
000932,中证消费,25578.35,26234.85,25505.31,25914.65,1.54,1379695500,73427804160.0
000971,等权90,3695.9,3776.93,3692.99,3748.97,1.54,8981685000,253104807936.0
000964,中证新兴,12138.35,12361.03,12135.53,12317.06,1.53,6910296100,191483138048.0
000981,300分层,6290.57,6411.01,6287.03,6388.59,1.52,22056877600,425680957440.0
000050,50等权,2573.88,2628.73,2572.25,2606.51,1.5,4255631300,119308181504.0
000984,300等权,4970.51,5068.28,4968.63,5044.38,1.48,22056877600,425680957440.0
000954,地企100,1742.46,1782.38,1741.55,1767.1,1.48,9072950300,141221638144.0
000946,内地金融,6802.12,6987.63,6784.69,6902.71,1.48,5444774400,79429308416.0
000057,全指成长,5469.83,5591.48,5469.83,5548.37,1.47,4934697200,147402170368.0
000974,800金融,6279.98,6451.61,6264.98,6373.83,1.47,8042101500,97606443008.0
000030,180R成长,3205.86,3275.7,3205.49,3249.5,1.45,8943816400,196262195200.0
000006,地产指数,6040.56,6193.35,6032.23,6132.84,1.43,648522800,5409362688.0
000064,非周期,4280.79,4362.75,4276.94,4331.51,1.42,4222476700,135129231360.0
000123,180动态,8843.65,9023.37,8833.14,8953.92,1.41,7012692700,130681516032.0
000972,300沪市,4285.58,4374.96,4283.12,4341.04,1.41,14102613500,235460276224.0
000107,380可选,6775.3,6850.37,6728.33,6832.96,1.4,562887000,11459997184.0
000904,中证200,5893.61,5998.77,5891.24,5974.87,1.39,12423606000,209568219136.0
000921,300R价值,4291.54,4378.26,4288.85,4348.37,1.39,19221619700,270214135808.0
000028,180成长,5288.32,5409.46,5284.76,5361.2,1.39,3359644700,110088368128.0
000959,银河99,6855.66,7012.36,6850.11,6945.12,1.38,6976537900,239152005120.0
000018,180金融,5020.86,5146.5,5007.56,5089.99,1.36,5496362000,65178929664.0
000968,300周期,4065.04,4161.26,4060.03,4121.15,1.36,11320090400,140249874432.0
000909,300材料,3586.56,3646.88,3580.14,3638.76,1.36,3602611600,41016457472.0
000059,全R成长,4163.67,4243.11,4162.11,4215.12,1.35,15922775600,290638716928.0
000010,上证180,10271.3,10480.18,10265.28,10397.38,1.35,13679409700,238557020160.0
000052,50基本,2734.44,2791.71,2730.16,2767.93,1.34,4255631300,119308181504.0
000054,上证海外,1365.45,1392.5,1362.06,1381.29,1.31,4735009000,67422066944.0
000957,300运输,1519.81,1541.09,1515.94,1534.54,1.31,652634300,9455900672.0
000956,国企200,1437.48,1467.26,1436.79,1455.86,1.31,17647207900,236402290688.0
000906,中证800,5380.59,5477.74,5379.24,5447.9,1.31,41665594400,637173014528.0
000125,180稳定,11777.73,12018.28,11774.05,11920.98,1.31,6666717200,107875504128.0
000055,上证地企,1556.38,1591.76,1556.03,1575.99,1.28,5392773600,83113066496.0
000110,380金融,2978.41,3031.4,2976.14,3018.45,1.27,1005496300,5989130752.0
000993,全指信息,7406.22,7509.52,7403.16,7494.02,1.24,11105539100,197589377024.0
000038,上证金融,4862.29,4972.89,4849.71,4920.25,1.21,2976766400,41448839936.0
000063,上证周期,3298.42,3368.42,3292.82,3337.78,1.2,5311103200,77870657536.0
000056,上证国企,1242.54,1267.89,1241.41,1256.63,1.2,9274244400,132934262784.0
000008,综合指数,2793.54,2844.06,2788.28,2823.76,1.19,9098456100,92591247360.0
000919,300价值,4880.43,4978.13,4874.39,4939.66,1.16,10068896500,116773851136.0
000945,内地运输,1633.01,1652.25,1631.54,1646.46,1.16,1359780600,13293483008.0
000031,180R价值,2938.99,2991.22,2934.32,2970.09,1.14,11914233600,157196185600.0
000953,中证地企,1742.11,1771.69,1741.67,1760.36,1.12,22082306800,259406495744.0
000958,创业成长,1887.82,1921.75,1884.58,1911.21,1.12,1606378600,55914831872.0
000998,中证TMT,2354.98,2384.59,2352.18,2379.54,1.12,5803537700,112848863232.0
000047,上证全指,4016.51,4082.49,4014.9,4057.84,1.11,26390472200,369846693888.0
000917,300公用,2040.85,2074.64,2038.63,2067.87,1.1,756682800,4053693488.0
000951,300银行,6263.18,6389.04,6243.16,6325.02,1.1,2337799800,20287548928.0
000937,中证公用,2370.07,2416.87,2364.41,2402.95,1.1,2190086900,12440366848.0
000925,基本面50,3969.49,4038.37,3964.68,4011.71,1.09,5052554500,86517293056.0
000051,180等权,10061.82,10231.58,10056.69,10173.14,1.08,13679409700,238557020160.0
000048,责任指数,1544.38,1572.68,1542.41,1559.8,1.07,5052212000,77746540544.0
000965,基本200,4975.48,5057.51,4970.04,5028.53,1.06,20783102000,267904897024.0
000940,财富大盘,5401.23,5492.69,5394.22,5459.17,1.06,26069834800,381645828096.0
000076,金融等权,4254.35,4340.25,4247.37,4301.53,1.04,2976766400,41448839936.0
000042,上证央企,1612.37,1640.27,1609.6,1627.95,1.04,3881470600,49821196032.0
000927,央企100,1900.88,1933.9,1899.15,1921.85,1.04,8574257700,95180652544.0
000017,新综指,3076.99,3116.96,3074.91,3103.96,0.98,39431587100,527333449728.0
000002,Ａ股指数,3816.48,3866.09,3813.91,3849.93,0.98,43162689500,568135045120.0
000001,上证指数,3641.16,3688.4,3638.7,3673.04,0.98,43191815700,568529391616.0
000021,180治理,1037.09,1054.28,1035.86,1046.67,0.97,6880456200,106404700160.0
000955,中证国企,1557.62,1580.71,1557.23,1572.36,0.97,38533174000,437636165632.0
000129,180波动,13662.18,13885.29,13655.35,13812.65,0.96,9704742400,117977677824.0
000947,内地银行,6242.42,6358.03,6226.95,6298.58,0.96,2651539800,22044810752.0
000901,小康指数,5795.91,5881.55,5788.96,5858.21,0.95,9307521500,126514950144.0
000090,上证流通,1426.97,1445.85,1425.87,1439.19,0.94,39431587100,527333449728.0
000053,180基本,10836.79,11012.36,10823.36,10941.27,0.94,13679409700,238557020160.0
000967,基本600,5800.64,5882.4,5794.9,5855.07,0.94,36682798100,518663258112.0
000077,信息等权,5758.91,5810.56,5732.93,5796.96,0.94,854952300,39995988736.0
000029,180价值,3905.21,3973.5,3896.93,3942.99,0.94,6330061800,71022358528.0
000902,中证流通,6295.86,6372.21,6292.88,6350.73,0.92,83668242400,1184969523200.0
000985,中证全指,5963.28,6036.2,5960.58,6015.09,0.92,81155461100,1152210632704.0
000916,300电信,2685.36,2734.58,2681.65,2716.72,0.91,442076700,9352496128.0
000062,上证沪企,2097.55,2134.2,2097.37,2119.48,0.9,2110861600,32774554112.0
000949,中证农业,7266.0,7363.43,7258.15,7328.31,0.87,1138238600,23756694272.0
000060,全R价值,3804.12,3855.84,3798.19,3834.72,0.86,23212713500,247824248832.0
000004,工业指数,3491.72,3527.28,3487.43,3516.96,0.85,24629152500,397010731008.0
000907,中证700,6542.72,6615.4,6537.89,6599.54,0.85,32032322800,421060272128.0
000019,治理指数,1149.89,1165.94,1148.49,1159.1,0.84,13687986700,153402187776.0
000041,上证公用,2362.29,2404.66,2352.84,2390.96,0.83,2096117900,12694164736.0
000044,上证中盘,4443.39,4505.25,4440.07,4482.5,0.81,9423778300,119248838656.0
000058,全指价值,4047.15,4106.66,4038.34,4080.19,0.79,12224635100,104587702272.0
000962,中证中游,4776.12,4826.06,4771.34,4816.96,0.78,14986302000,240797777920.0
000926,中证央企,2203.13,2229.3,2201.57,2220.92,0.76,16450867200,178229669888.0
000100,上证F500,5258.61,5324.24,5251.88,5299.3,0.76,27200440100,336359698432.0
000067,上证新兴,10082.35,10190.15,10061.34,10133.67,0.75,2824192700,87144800256.0
000938,中证民企,2836.49,2860.43,2831.84,2855.8,0.75,40535341100,659368890368.0
000119,380R成长,5695.03,5746.22,5681.44,5735.33,0.74,4561832200,82779193344.0
000011,基金指数,7634.29,7711.89,7631.55,7685.61,0.68,31150284000,91367280640.0
000111,380信息,9682.37,9769.67,9650.84,9747.81,0.66,348271300,12680151296.0
000950,300基建,1808.78,1830.81,1804.42,1823.91,0.66,1839990400,11047488256.0
000117,380成长,6378.88,6442.54,6363.59,6429.94,0.65,1740346800,31238525696.0
000027,180运输,861.68,868.83,854.65,862.57,0.64,413032600,5717445120.0
000046,上证中小,4938.81,4985.87,4936.35,4971.64,0.62,22134840800,250538512384.0
000970,ESG 40,1667.75,1686.24,1665.77,1677.25,0.62,3430555400,45402821120.0
000130,380波动,10518.32,10601.67,10502.27,10584.33,0.58,3332782600,19512172544.0
000122,农业主题,2104.35,2124.35,2102.22,2115.42,0.57,881582100,14760189184.0
000966,基本400,8055.43,8114.79,8043.67,8098.47,0.55,15899695900,250758361088.0
000936,中证电信,4696.78,4761.43,4691.06,4734.38,0.54,630493300,12098019072.0
000128,380基本,7482.96,7537.66,7470.17,7524.68,0.54,8386351900,111753912320.0
000929,中证材料,4106.09,4140.47,4098.07,4133.19,0.53,7481134100,79649992704.0
000020,中型综指,1585.31,1594.79,1580.07,1591.6,0.52,5295668000,91066130432.0
000007,公用指数,4555.81,4585.46,4549.06,4575.39,0.49,5072126500,31046846464.0
000009,上证380,6702.74,6745.73,6690.01,6733.4,0.48,8386351900,111753912320.0
000033,上证材料,3017.52,3039.13,3006.64,3032.37,0.46,4768554000,43682721280.0
000113,380公用,2591.65,2638.79,2579.29,2610.53,0.41,1243074000,7906068992.0
000025,180基建,1642.02,1659.27,1636.13,1653.19,0.41,1455323400,10176169728.0
000994,全指电信,5618.78,5670.52,5611.21,5648.54,0.4,1393450500,20155120384.0
000131,上证高新,2157.2,2167.9,2148.73,2163.18,0.39,592717200,14577163520.0
000045,上证小盘,5473.11,5507.53,5468.37,5495.2,0.38,12711062500,131289673728.0
000982,500等权,8397.37,8443.02,8387.04,8432.13,0.38,19608716800,211492052992.0
000908,300能源,1530.69,1548.54,1526.15,1535.28,0.36,411923300,3184632304.0
000910,300工业,3429.97,3460.66,3423.44,3447.31,0.36,2989092600,60886356480.0
000995,全指公用,2606.3,2636.94,2592.63,2618.84,0.33,4063238400,30416648448.0
000115,380等权,8568.02,8603.72,8547.02,8592.07,0.31,8386351900,111753912320.0
000003,Ｂ股指数,285.91,286.92,285.38,286.6,0.31,24723600,141188115.0
000079,公用等权,2544.13,2582.39,2531.14,2561.2,0.3,2096117900,12694164736.0
000015,红利指数,2772.12,2790.27,2762.56,2780.9,0.3,3261277700,26649102336.0
000040,上证电信,3044.66,3079.96,3038.42,3058.54,0.28,561922100,8860228352.0
000905,中证500,7298.8,7331.58,7290.27,7320.32,0.24,19608716800,211492052992.0
000120,380R价值,7902.77,7935.42,7882.58,7919.11,0.22,7487538400,85779316736.0
000106,380工业,6407.99,6428.13,6380.95,6418.61,0.21,2054679600,25185222912.0
000132,上证100,8233.56,8268.12,8186.6,8251.97,0.2,1705575300,31578716160.0
000078,电信等权,2421.74,2433.95,2415.5,2424.34,0.18,561922100,8860228352.0
000983,智能资产,14861.36,14976.4,14836.61,14903.22,0.17,4372667100,84091977728.0
000922,中证红利,5121.86,5144.32,5109.34,5130.75,0.13,4971816400,51961298432.0
000941,新能源,4507.04,4535.13,4469.82,4518.92,0.07,1533435600,64653762560.0
000987,全指材料,4618.38,4636.46,4600.26,4625.0,0.07,13427976400,154483818496.0
000118,380价值,8513.54,8539.52,8483.01,8523.76,0.06,4666053100,34238651392.0
000026,180资源,3580.66,3604.79,3564.19,3579.09,0.04,1016341600,14325870336.0
000061,沪企债30,162.01,162.04,162.01,162.04,0.03,1115900,11289991.0
000114,持续产业,1941.4,1945.49,1931.62,1932.65,0.03,1617162300,32868452352.0
000923,公司债指,219.46,219.49,219.45,219.47,0.02,74309600,693859600.0
000012,国债指数,190.82,190.83,190.8,190.83,0.02,15306200,152558865.0
000013,企债指数,259.0,259.03,258.99,259.01,0.02,79283100,723117088.0
000022,沪公司债,218.96,218.99,218.95,218.97,0.01,63068100,599817776.0
000101,5年信用,217.87,217.88,217.87,217.87,0.01,7279200,72792326.0
000930,中证工业,4382.97,4400.99,4370.77,4388.14,0.01,7584243200,110717333504.0
000071,材料等权,4218.82,4229.0,4198.26,4219.55,-0.02,4768554000,43682721280.0
000116,信用100,179.75,180.03,179.62,179.68,-0.03,16618700,132962635.0
000034,上证工业,3021.97,3039.41,3012.63,3024.22,-0.08,3754177500,46115438336.0
000944,内地资源,3776.84,3798.57,3763.83,3775.44,-0.17,3779632100,43593720576.0
000988,全指工业,5000.37,5000.86,4976.45,4993.8,-0.19,16743173600,242122887168.0
000977,内地低碳,3079.81,3090.67,3055.16,3077.86,-0.23,1818016900,60430189568.0
000133,上证150,5624.32,5624.74,5586.59,5610.02,-0.24,1155199000,18074784768.0
000961,中证上游,3578.72,3597.47,3566.31,3575.14,-0.25,3901720500,44574550784.0
000979,大宗商品,6032.58,6045.06,6006.29,6023.81,-0.27,5291078100,63853389824.0
000072,工业等权,3838.46,3842.42,3814.11,3832.25,-0.27,3754177500,46115438336.0
000068,上证资源,2797.74,2807.41,2783.49,2788.56,-0.42,3282993000,33654104320.0
000928,中证能源,2143.86,2157.11,2132.42,2137.63,-0.48,1577714600,15968662272.0
000986,全指能源,1937.78,1947.76,1926.49,1931.19,-0.52,2370713300,21290053120.0
000032,上证能源,1459.41,1466.77,1450.66,1454.38,-0.52,1589302200,11999979008.0
000112,380电信,4746.13,4757.97,4716.51,4723.47,-0.56,99864300,2331762064.0
000102,沪投资品,7708.9,7730.09,7669.56,7671.99,-0.57,3170558000,52531245824.0
000066,上证商品,2901.54,2902.01,2872.37,2880.16,-0.76,3750666600,38961773056.0
000105,380材料,5962.72,5962.72,5895.2,5916.97,-0.88,1566972000,19573111808.0
000070,能源等权,2330.04,2333.88,2308.82,2314.49,-0.9,1589302200,11999979008.0
000104,380能源,1361.35,1361.36,1338.69,1342.96,-1.89,755877000,6712970496.0
399242,商务指数,1134.07,1187.42,1132.89,1179.03,4.16,1595334500,11540964096.0
483036,深港通医疗R（港币）,9786.16,10149.76,9782.19,10132.82,3.95,517813300,19427403264.0
983036,深港通医疗（港币）,9445.94,9796.9,9442.11,9780.55,3.95,517813300,19427403264.0
987018,港股通生物科技,2533.89,2608.96,2524.79,2606.81,3.79,148424300,3994428048.0
487018,港股通生物科技R,2561.93,2637.84,2552.73,2635.66,3.79,148424300,3994428048.0
983035,深港通医疗,8638.56,8958.29,8637.03,8942.85,3.73,517813300,15802873600.0
483035,深港通医疗R,8951.53,9282.84,8949.94,9266.84,3.73,517813300,15802873600.0
487019,港股通生物科技R（人民,2379.5,2450.0,2371.66,2447.52,3.58,148424300,3249227552.0
987019,港股通生物科技（人民币,2353.45,2423.18,2345.7,2420.73,3.58,148424300,3249227552.0
983076,深港通传媒（港币）,2383.46,2484.9,2383.46,2460.64,3.36,1348764600,15094999296.0
483076,深港通传媒R（港币）,2487.7,2593.57,2487.7,2568.25,3.36,1348764600,15094999296.0
483102,内地生物科技R(港币),5063.22,5201.77,5051.91,5197.95,3.18,567200200,29778667520.0
983102,内地生物科技(港币),4779.33,4910.11,4768.65,4906.5,3.18,567200200,29778667520.0
483075,深港通传媒R,2276.07,2373.09,2275.98,2349.32,3.14,1348764600,12278760704.0
983075,深港通传媒,2178.98,2271.87,2178.91,2249.11,3.14,1348764600,12278760704.0
483024,深港通医药卫生R（港币,8563.49,8789.99,8557.42,8787.66,3.11,1647201000,58361366528.0
983024,深港通医药卫生（港币）,8204.84,8421.85,8199.02,8419.62,3.11,1647201000,58361366528.0
983101,内地生物科技,4760.28,4890.59,4750.62,4886.02,2.96,567200200,24222931200.0
483101,内地生物科技R,5043.04,5181.09,5032.81,5176.25,2.96,567200200,24222931200.0
983104,内地医疗器械(港币),2895.97,2971.17,2892.65,2969.35,2.96,444337700,15885223168.0
483104,内地医疗器械R(港币),3063.74,3143.29,3060.22,3141.36,2.96,444337700,15885223168.0
399618,深证医药,14985.09,15480.21,14967.55,15425.48,2.94,606948300,33209934848.0
483060,深港通生科R（港币）,14297.49,14647.77,14203.47,14624.97,2.9,378698700,23378855680.0
983060,深港通生科（港币）,14054.26,14398.59,13961.85,14376.18,2.9,378698700,23378855680.0
480014,湾区医药R（港币）,2478.43,2548.16,2478.43,2543.74,2.89,235683500,8717468672.0
980014,湾区医药（港币）,2282.61,2346.83,2282.61,2342.76,2.89,235683500,8717468672.0
983023,深港通医药卫生,7502.15,7700.48,7498.37,7697.07,2.89,1647201000,47473027072.0
483023,深港通医药卫生R,7833.11,8040.19,7829.17,8036.63,2.89,1647201000,47473027072.0
483050,深港通耐用消费R（港币,10181.43,10372.23,10178.57,10322.6,2.88,726655900,19588243712.0
983050,深港通耐用消费（港币）,9002.96,9171.68,9000.43,9127.79,2.88,726655900,19588243712.0
399647,深医药50,14720.53,15187.16,14702.27,15135.51,2.84,695986500,34901307136.0
983046,深港通消费服务（港币）,3853.97,3938.99,3842.55,3938.38,2.79,547048800,4679549440.0
483046,深港通消费服务R（港币,4272.91,4367.16,4260.24,4366.48,2.79,547048800,4679549440.0
483103,内地医疗器械R,3051.52,3130.59,3048.72,3128.24,2.74,444337700,12921550080.0
983103,内地医疗器械,2884.43,2959.16,2881.78,2956.94,2.74,444337700,12921550080.0
399989,中证医疗,14340.53,14783.56,14280.64,14712.67,2.74,641476400,31500637440.0
399328,深证治理,12533.54,12940.07,12533.07,12841.27,2.74,1645573600,71596347392.0
983080,深港通制药（港币）,5237.05,5363.66,5237.05,5358.14,2.72,750689000,15555107584.0
483080,深港通制药R（港币）,5578.78,5713.65,5578.78,5707.76,2.72,750689000,15555107584.0
483059,深港通生科R,13079.34,13399.96,12994.68,13376.38,2.68,378698700,19017121536.0
983059,深港通生科,12854.78,13169.9,12771.58,13146.72,2.68,378698700,19017121536.0
399685,深成医药,2970.07,3058.24,2967.1,3049.04,2.68,947077700,38367960832.0
480013,湾区医药R,2480.51,2550.16,2480.47,2545.39,2.68,235683500,7091065856.0
980013,湾区医药,2284.53,2348.68,2284.49,2344.28,2.68,235683500,7091065856.0
983049,深港通耐用消费,8235.6,8388.46,8232.44,8348.19,2.66,726655900,15933711616.0
399280,生物50,4216.42,4341.02,4202.47,4329.58,2.66,614792000,24667268352.0
483049,深港通耐用消费R,9315.05,9487.95,9311.48,9442.4,2.66,726655900,15933711616.0
399275,创医药,5604.12,5774.5,5581.95,5748.98,2.65,568882700,25789396992.0
471001,深成地产R,1599.0,1642.88,1599.0,1638.95,2.63,860228800,7621336320.0
971001,深成地产,1199.4,1232.31,1199.4,1229.36,2.63,860228800,7621336320.0
399913,300 医药,14526.55,14943.78,14466.09,14887.9,2.58,699877400,40233855744.0
983045,深港通消费服务,3522.4,3599.47,3512.69,3598.87,2.58,547048800,3806513600.0
483045,深港通消费服务R,3906.71,3992.19,3895.94,3991.52,2.58,547048800,3806513600.0
399294,中小创Q,4136.08,4272.43,4135.28,4246.45,2.57,2474148300,62730861568.0
483084,深港通内房股R(港币),2434.5,2484.92,2427.31,2483.02,2.51,1302130000,12802296320.0
983084,深港通内房股(港币),1696.31,1731.44,1691.3,1730.11,2.51,1302130000,12802296320.0
983079,深港通制药,4787.36,4903.69,4787.22,4897.12,2.5,750689000,12653031936.0
483079,深港通制药R,5102.8,5226.78,5102.64,5219.78,2.5,750689000,12653031936.0
989004,新华优选价值50,2555.11,2632.6,2553.76,2611.88,2.48,4604778000,161239769088.0
489004,新华优选价值50R,2832.08,2917.97,2830.59,2895.0,2.48,4604778000,161239769088.0
399557,央视文化,1966.0,2023.51,1965.26,2012.81,2.47,2726339500,42394790912.0
399394,国证医药,14627.76,15016.75,14582.33,14970.61,2.44,1130468400,56107896064.0
399241,地产指数,1992.42,2041.74,1991.13,2038.03,2.39,1532710300,10574202880.0
399441,生物医药,5109.08,5247.94,5073.26,5224.25,2.38,346576200,25303006208.0
487020,内房股R,2159.1,2203.9,2150.29,2196.44,2.38,336600000,4066130592.0
987020,内房股,1570.69,1603.28,1564.28,1597.85,2.38,336600000,4066130592.0
399674,深A医药,2881.23,2955.8,2879.2,2948.46,2.37,1949839800,50583463680.0
480016,公卫健康R,11832.97,12136.42,11771.13,12095.44,2.36,704015900,41666688000.0
980016,公卫健康,10717.95,10992.8,10661.93,10955.68,2.36,704015900,41666688000.0
399965,800地产,4812.47,4953.44,4806.5,4927.55,2.34,1745266300,13628685056.0
399341,深证责任,2150.05,2210.95,2149.56,2195.73,2.34,4390570200,113760247808.0
399651,中小责任,2310.67,2382.78,2309.72,2365.47,2.34,2122664100,48603096576.0
399386,1000医药,9506.19,9748.47,9481.23,9718.68,2.33,1475431700,60081854464.0
489007,新华新兴消费R(港币),2708.79,2763.77,2708.38,2749.61,2.32,1281390300,74377711616.0
989007,新华新兴消费(港币),2518.09,2569.19,2517.71,2556.03,2.32,1281390300,74377711616.0
399637,深证地产,2922.19,2995.12,2922.19,2991.67,2.31,971715300,7963751424.0
483083,深港通内房股R,2435.89,2486.13,2429.17,2483.96,2.3,1302130000,10413824000.0
983083,深港通内房股,1696.49,1731.48,1691.81,1729.97,2.3,1302130000,10413824000.0
399933,中证医药,13388.73,13725.38,13348.91,13685.18,2.29,1248899600,49189955072.0
980015,疫苗生科,14865.57,15249.74,14797.25,15182.64,2.28,594594700,34461075712.0
480015,疫苗生科R,17043.64,17484.1,16965.3,17407.16,2.28,594594700,34461075712.0
399356,珠三角,11294.72,11619.37,11274.13,11524.55,2.28,3385916000,79937413120.0
399237,运输指数,1308.24,1338.42,1306.97,1335.84,2.27,394357800,4949227520.0
399993,CSWD生科,5042.9,5168.53,5013.44,5150.23,2.25,471958900,25549546496.0
399552,央视成长,9194.86,9430.54,9194.86,9377.17,2.24,3491506900,92391743488.0
399403,防御100,10754.0,11069.64,10754.0,10973.62,2.23,2976403500,127688794112.0
983106,内地消费电子(港币),3668.25,3740.74,3661.14,3737.74,2.22,3573154000,61410866688.0
483106,内地消费电子R(港币),4002.02,4081.11,3994.27,4077.83,2.22,3573154000,61410866688.0
399653,深证龙头,3340.2,3416.72,3337.36,3408.65,2.22,4639685100,98945773568.0
399983,地产等权,5042.83,5184.04,5025.84,5156.89,2.21,681028000,7840424192.0
483004,内地科技50R(港币),3494.8,3555.49,3494.8,3547.52,2.2,3400121000,90131476480.0
983004,内地科技50(港币),3276.04,3332.94,3276.04,3325.47,2.2,3400121000,90131476480.0
399671,深防御50,9898.96,10176.86,9898.96,10095.67,2.19,1868733200,64420672000.0
399050,创新引擎,3345.55,3432.01,3340.69,3418.29,2.19,2067340600,48557781504.0
987021,内房股（人民币）,1637.27,1671.57,1630.91,1665.28,2.17,336600000,3307553280.0
487021,内房股R（人民币）,2250.62,2297.77,2241.87,2289.12,2.17,336600000,3307553280.0
983038,深港通食品零售（港币）,2819.32,2888.2,2818.91,2872.95,2.16,44667900,607690000.0
483038,深港通食品零售R（港币,2986.26,3059.22,2985.83,3043.06,2.16,44667900,607690000.0
480047,文化创意R（港币）,1992.21,2034.33,1989.88,2027.33,2.16,4041978700,53338158848.0
980047,文化创意（港币）,1863.38,1902.77,1861.2,1896.22,2.16,4041978700,53338158848.0
399683,深成可选,1867.34,1904.5,1865.4,1895.71,2.15,2280631100,34212993024.0
399551,央视创新,10060.56,10263.55,10053.06,10243.86,2.14,2887531500,57978135552.0
399553,央视回报,9854.59,10122.33,9852.57,10059.39,2.13,1403037400,72479682560.0
980037,创新龙头（港币）,3288.38,3353.5,3284.03,3341.08,2.11,3348626800,86433644544.0
480037,创新龙头R（港币）,3729.35,3803.2,3724.42,3789.11,2.11,3348626800,86433644544.0
399367,1000地产,4367.34,4486.37,4365.93,4463.44,2.11,1800802100,14405078272.0
399812,养老产业,8005.4,8188.85,8001.66,8174.36,2.11,1889208200,72144293888.0
489006,新华新兴消费R,2476.21,2526.83,2475.61,2513.04,2.1,1281390300,60501277184.0
989006,新华新兴消费,2301.88,2348.94,2301.32,2336.12,2.1,1281390300,60501277184.0
399393,国证地产,4677.87,4803.06,4676.35,4779.19,2.1,1914676900,15348510720.0
399384,1000可选,4338.12,4426.8,4336.67,4409.05,2.1,4185215800,68265350656.0
399706,深证下游,7959.15,8152.65,7956.72,8105.28,2.09,3141891100,107871109120.0
399616,深证可选,6400.47,6536.95,6393.59,6510.44,2.09,2079196000,32117969408.0
399434,国证传媒,1800.94,1853.6,1800.01,1838.9,2.08,2019407200,17157326080.0
983002,内地100(港币),2210.95,2248.27,2210.11,2242.46,2.06,5397728300,186431791104.0
483002,内地100R(港币),2673.82,2718.96,2672.81,2711.93,2.06,5397728300,186431791104.0
399972,300深市,6770.59,6945.77,6768.05,6905.58,2.06,7954264300,190220681216.0
399656,100绩效,8103.97,8316.67,8101.49,8274.47,2.05,7010917900,192793722880.0
399810,CSSW传媒,2699.25,2765.56,2697.98,2753.14,2.05,2529855600,26112070400.0
980039,深圳高新（港币）,4691.64,4786.63,4684.26,4771.64,2.05,1588331600,59553556992.0
480039,深圳高新R（港币）,4905.48,5004.79,4897.76,4989.12,2.05,1588331600,59553556992.0
399326,成长40,7052.2,7221.57,7048.39,7201.25,2.04,1081214100,36765032704.0
483072,深港通房地产R（港币）,5313.1,5403.77,5311.82,5398.85,2.04,1774334000,16178144256.0
983072,深港通房地产（港币）,4354.55,4428.87,4353.5,4424.83,2.04,1774334000,16178144256.0
399364,消费100,12093.25,12375.43,12087.74,12309.12,2.03,5951269600,177558839296.0
987014,港股中盘,1363.97,1382.96,1362.22,1382.23,2.02,2242601500,24713704448.0
399310,国证A50,8128.4,8327.81,8126.24,8279.06,2.02,5479229200,156532031488.0
487014,港股中盘R,1663.79,1686.96,1661.65,1686.06,2.02,2242601500,24713704448.0
483105,内地消费电子R,3986.07,4065.44,3979.69,4060.8,2.01,3573154000,49953556992.0
983105,内地消费电子,3653.63,3726.38,3647.78,3722.12,2.01,3573154000,49953556992.0
483090,深港通大湾区R(港币),3277.78,3332.74,3274.91,3323.14,2.01,2549538300,71149117440.0
983090,深港通大湾区(港币),2635.03,2679.21,2632.72,2671.49,2.01,2549538300,71149117440.0
399324,深证红利,11683.33,12003.71,11681.22,11887.98,2.01,2566768400,62831858688.0
487006,港股科技R,2903.54,2934.4,2899.88,2930.33,1.99,356565400,21336507136.0
987008,港股通科技,3144.25,3178.37,3138.74,3174.64,1.99,344296500,16729550592.0
487008,港股通科技R,3333.48,3369.66,3327.64,3365.7,1.99,344296500,16729550592.0
987006,港股科技,2740.19,2769.31,2736.73,2765.46,1.99,356565400,21336507136.0
480002,湾创100R(港币),1774.28,1807.39,1772.14,1800.14,1.99,4161335400,128767078400.0
980002,湾创100(港币),1621.5,1651.77,1619.55,1645.14,1.99,4161335400,128767078400.0
980024,南山50(港币),2689.14,2736.96,2689.14,2731.83,1.99,919480100,27260037376.0
480024,南山50R(港币),3026.9,3080.73,3026.9,3074.95,1.99,919480100,27260037376.0
483003,内地科技50R,3480.87,3541.85,3480.73,3532.72,1.98,3400121000,73315930112.0
983003,内地科技50,3262.99,3320.15,3262.86,3311.59,1.98,3400121000,73315930112.0
483044,深港通电脑硬件R（港币,9756.8,9937.35,9741.05,9926.86,1.97,5002052100,101076103168.0
983044,深港通电脑硬件（港币）,9296.83,9468.87,9281.82,9458.87,1.97,5002052100,101076103168.0
483037,深港通食品零售R,2731.54,2798.41,2730.9,2782.97,1.95,44667900,494314352.0
983037,深港通食品零售,2578.27,2641.4,2577.67,2626.81,1.95,44667900,494314352.0
480046,文化创意R,2009.05,2051.39,2007.11,2044.07,1.94,4041978700,43386976000.0
980046,文化创意,1879.13,1918.73,1877.31,1911.88,1.94,4041978700,43386976000.0
399935,中证信息,5809.35,5926.84,5805.94,5913.26,1.94,5835416300,107560140800.0
983066,深港通食品饮料（港币）,13756.34,14095.77,13739.75,13930.76,1.93,773183000,47393037824.0
483066,深港通食品饮料R（港币,15040.61,15411.74,15022.48,15231.32,1.93,773183000,47393037824.0
399650,中小治理,3133.31,3213.45,3132.44,3195.0,1.93,1366711500,38170705920.0
980010,湾区制造(港币),4508.7,4585.56,4502.04,4572.39,1.92,3065053500,87119101952.0
480010,湾区制造R(港币),5059.5,5145.75,5052.03,5130.97,1.92,3065053500,87119101952.0
399555,央视责任,5427.49,5561.78,5424.27,5525.77,1.91,3873519200,72053501952.0
399658,中小绩效,5198.49,5299.21,5197.55,5287.36,1.91,4624853000,104450240512.0
399970,移动互联,3853.46,3932.5,3848.76,3922.03,1.9,5568592900,133609791488.0
399398,绩效指数,12862.54,13127.34,12862.54,13105.47,1.9,2881621300,111313162240.0
480036,创新龙头R,3760.9,3835.13,3756.33,3820.44,1.9,3348626800,70307926016.0
980036,创新龙头,3316.2,3381.65,3312.17,3368.69,1.9,3348626800,70307926016.0
399437,证券龙头,6876.27,7142.55,6865.05,7021.6,1.9,3819623600,54097384704.0
399351,创新示范,10456.7,10707.19,10444.13,10652.12,1.89,3717272100,82662219776.0
399281,电子50,4117.41,4194.72,4108.59,4190.92,1.89,3550715800,48807627520.0
480012,湾区服务R(港币),2468.31,2518.04,2466.24,2503.94,1.88,2436207000,48520940032.0
980012,湾区服务(港币),2125.61,2168.44,2123.82,2156.29,1.88,2436207000,48520940032.0
399707,CSSW证券,6645.39,6898.65,6634.39,6784.46,1.87,5101410800,65512368640.0
399975,证券公司,869.48,902.63,868.02,887.66,1.87,5084572200,65490915584.0
983010,深港通手机产业链(港币),3839.31,3903.06,3830.68,3901.99,1.87,3578738300,69762727936.0
483010,深港通手机产业链R(港币,4250.08,4320.65,4240.52,4319.46,1.87,3578738300,69762727936.0
983001,内地100,2202.14,2239.19,2201.15,2233.1,1.85,5397728300,151649697792.0
483001,内地100R,2663.17,2707.98,2661.98,2700.61,1.85,5397728300,151649697792.0
399397,国证文化,2290.94,2340.77,2290.9,2332.17,1.85,2687891700,42311890944.0
399966,800非银,6117.01,6336.6,6106.05,6240.46,1.85,5390561800,75561631744.0
980038,深圳高新,4741.4,4837.68,4735.52,4821.31,1.84,1588331600,48442779648.0
480038,深圳高新R,4957.5,5058.17,4951.36,5041.05,1.84,1588331600,48442779648.0
399240,金融指数,1538.98,1595.42,1535.55,1568.48,1.84,2228183300,31012089856.0
983071,深港通房地产,3980.45,4048.13,3980.22,4043.94,1.83,1774334000,13159862016.0
483071,深港通房地产R,4858.11,4940.72,4857.83,4935.6,1.83,1774334000,13159862016.0
399686,深成金融,2377.03,2463.07,2371.41,2422.01,1.82,2019831600,28746307328.0
399322,国证治理,10048.61,10292.66,10047.22,10209.12,1.82,3146366900,95113449472.0
399372,大盘成长,6816.51,6979.72,6804.82,6933.11,1.82,3188982900,168443891712.0
399803,工业4.0,5355.51,5451.48,5351.73,5435.11,1.82,2809978000,80695570432.0
399987,中证酒,10288.24,10586.84,10236.81,10424.56,1.81,821458400,62648002048.0
399903,中证100,4851.09,4975.3,4848.92,4931.76,1.81,9633271800,216112738304.0
987015,港股中盘（人民币）,1242.53,1259.7,1241.33,1258.93,1.81,2242601500,20103115776.0
487015,港股中盘R（人民币）,1515.66,1536.6,1514.19,1535.66,1.81,2242601500,20103115776.0
980058,绿色治理,1505.03,1535.31,1504.31,1529.96,1.8,6334988800,126570549248.0
480058,绿色治理R,1609.3,1641.67,1608.53,1635.95,1.8,6334988800,126570549248.0
980008,湾区新兴(港币),3986.79,4047.37,3981.33,4038.22,1.8,3989547700,103869145088.0
480008,湾区新兴R(港币),4515.86,4584.49,4509.68,4574.12,1.8,3989547700,103869145088.0
483089,深港通大湾区R,3280.09,3335.4,3276.9,3324.85,1.8,2549538300,57875010560.0
983089,深港通大湾区,2636.49,2680.95,2633.93,2672.47,1.8,2549538300,57875010560.0
480004,湾区综指R(港币),3411.88,3466.64,3408.73,3454.2,1.79,8171579100,191899078656.0
980004,湾区综指(港币),2827.97,2873.35,2825.36,2863.04,1.79,8171579100,191899078656.0
399610,TMT50,7686.89,7850.79,7676.41,7834.04,1.79,4376124400,72591425536.0
399330,深证100,6972.32,7125.02,6968.47,7092.59,1.78,7010917900,192793722880.0
399004,深证100R,9173.47,9374.38,9168.41,9331.71,1.78,7010917900,192793722880.0
980028,龙头家电,12642.71,12831.21,12640.28,12794.95,1.78,668514100,16115910656.0
480028,龙头家电R,17816.53,18082.16,17813.11,18031.07,1.78,668514100,16115910656.0
487007,港股科技R（人民币）,2645.03,2673.5,2642.44,2668.94,1.78,356565400,17355968512.0
987009,港股通科技（人民币）,2864.3,2895.18,2859.85,2891.46,1.78,344296500,13608485632.0
987007,港股科技（人民币）,2496.22,2523.09,2493.77,2518.78,1.78,356565400,17355968512.0
487009,港股通科技R（人民币）,3036.69,3069.42,3031.96,3065.47,1.78,344296500,13608485632.0
980001,湾创100,1515.56,1543.74,1513.68,1537.36,1.78,4161335400,104743260160.0
480001,湾创100R,1659.62,1690.48,1657.56,1683.49,1.78,4161335400,104743260160.0
480048,国证建材R,9966.94,10158.22,9962.52,10142.94,1.78,551203600,11523110656.0
980048,国证建材,7909.14,8060.93,7905.64,8048.81,1.78,551203600,11523110656.0
980023,南山50,2691.41,2739.02,2691.23,2733.6,1.77,919480100,22174219264.0
480023,南山50R,3029.45,3083.05,3029.25,3076.95,1.77,919480100,22174219264.0
399396,国证食品,32954.89,33902.9,32840.95,33435.49,1.77,1089404800,78090911744.0
399811,CSSW电子,4612.07,4696.23,4608.01,4690.37,1.77,4938909400,106177155072.0
399420,国证保证,1425.19,1476.84,1422.51,1453.39,1.77,3437812500,57549247744.0
399369,国证责任,1848.62,1893.03,1848.27,1878.05,1.76,5187090900,96932433920.0
983043,深港通电脑硬件,8501.34,8658.87,8490.46,8647.84,1.76,5002052100,82218487808.0
483043,深港通电脑硬件R,8926.26,9091.66,8914.83,9080.07,1.76,5002052100,82218487808.0
399655,深证绩效,12791.92,13049.24,12791.92,13017.31,1.75,3039051700,86981066752.0
983022,深港通主要消费（港币）,10092.54,10302.56,10087.6,10210.96,1.74,1562917400,62219572992.0
483022,深港通主要消费R（港币,11023.58,11252.98,11018.19,11152.93,1.74,1562917400,62219572992.0
483020,深港通可选消费R（港币,8252.34,8349.2,8241.72,8310.68,1.72,3989160100,68290985728.0
399701,深证F60,9562.04,9776.26,9557.5,9717.05,1.72,6437371900,112855756800.0
983020,深港通可选消费（港币）,7495.09,7583.06,7485.45,7548.07,1.72,3989160100,68290985728.0
483065,深港通食品饮料R,13756.97,14097.79,13741.11,13928.73,1.71,773183000,38551014144.0
983065,深港通食品饮料,12575.2,12886.75,12560.7,12732.2,1.71,773183000,38551014144.0
483008,深港通100R(港币),8695.06,8816.43,8690.41,8791.08,1.71,6772469200,195099181056.0
983008,深港通100(港币),7728.28,7836.15,7724.15,7813.62,1.71,6772469200,195099181056.0
980049,国证酒指,165739.33,170341.69,164991.53,167779.8,1.71,866650600,65741833216.0
480009,湾区制造R,5102.29,5190.08,5094.27,5173.37,1.71,3065053500,70865420288.0
980009,湾区制造,4546.83,4625.06,4539.68,4610.17,1.71,3065053500,70865420288.0
399391,投资时钟,3939.53,4036.74,3934.42,3996.01,1.71,5036993800,115430506496.0
399365,国证农业,19284.45,19796.98,19224.49,19549.6,1.69,1355895400,79511293952.0
399295,创业蓝筹,6291.97,6425.1,6285.75,6407.47,1.69,1120927500,43217856000.0
399385,1000消费,16173.17,16598.34,16135.95,16397.6,1.68,1925060000,89589882880.0
480011,湾区服务R,2489.17,2539.2,2486.87,2524.63,1.67,2436207000,39468566272.0
980011,湾区服务,2143.58,2186.65,2141.59,2174.11,1.67,2436207000,39468566272.0
399554,央视治理,8121.19,8313.63,8114.12,8250.67,1.67,3577483300,72624250880.0
399602,中小成长,1572.06,1605.48,1572.06,1599.32,1.66,2580836400,66657749248.0
399313,巨潮100,5885.83,6019.43,5883.43,5974.72,1.66,9497124100,229821612032.0
399346,深证成长,5400.42,5500.37,5390.57,5481.88,1.66,3470324300,130015571968.0
983009,深港通手机产业链,3832.48,3895.69,3825.15,3894.3,1.66,3578738300,56747224320.0
483009,深港通手机产业链R,4243.26,4313.24,4235.14,4311.69,1.66,3578738300,56747224320.0
399300,沪深300,5000.69,5114.5,4999.41,5078.69,1.66,22056877600,425680957440.0
399278,长江100,2572.69,2631.84,2572.51,2615.5,1.64,3936976100,111525433344.0
399352,深企综指,9463.05,9670.43,9446.92,9611.47,1.64,6241232100,121031446528.0
399550,央视50,8212.3,8405.83,8212.3,8344.99,1.64,2461265900,84479401984.0
399348,深证价值,6792.56,6929.03,6788.75,6889.77,1.64,6906274000,75689725952.0
483078,深港通运输R（港币）,6298.75,6394.97,6297.51,6386.83,1.63,423484600,6751827968.0
983078,深港通运输（港币）,5512.26,5596.46,5511.17,5589.33,1.63,423484600,6751827968.0
399654,深证文化,2533.72,2585.98,2533.68,2574.94,1.63,3065939500,35271242240.0
399646,深消费50,10157.32,10359.47,10153.36,10283.17,1.63,2714702900,69270724608.0
399248,文化指数,888.23,910.42,888.19,901.45,1.61,797449800,8419494400.0
399243,科研指数,2358.46,2401.97,2341.12,2394.84,1.6,340106300,8125176320.0
399354,分析师指数,9714.11,9931.09,9710.21,9860.67,1.59,5752121300,243224678400.0
399632,深100EW,6475.37,6612.3,6473.27,6584.7,1.59,7010917900,192793722880.0
980007,湾区新兴,4020.5,4082.13,4014.61,4071.59,1.59,3989547700,84490498048.0
480007,湾区新兴R,4554.05,4623.85,4547.37,4611.91,1.59,3989547700,84490498048.0
399670,深周期50,5034.88,5134.28,5021.85,5118.11,1.58,5107207200,94247907328.0
480003,湾区综指R,3414.75,3469.33,3411.8,3456.44,1.58,8171579100,156096937984.0
980003,湾区综指,2830.34,2875.58,2827.9,2864.9,1.58,8171579100,156096937984.0
399314,巨潮大盘,5440.42,5558.1,5438.14,5519.84,1.58,17075272400,353304080384.0
399619,深证金融,7652.85,7923.91,7634.67,7783.09,1.57,1681841800,26407731712.0
399934,中证金融,5871.87,6033.81,5859.16,5965.22,1.57,9787367900,111235129344.0
399702,深证F120,8551.3,8724.3,8546.23,8677.76,1.57,8765874900,153751031808.0
480030,消费电子R,8380.82,8532.1,8369.36,8515.22,1.56,3686434300,59042501376.0
980030,消费电子,7367.14,7500.12,7357.07,7485.28,1.56,3686434300,59042501376.0
399914,300 金融,6226.36,6399.54,6211.24,6323.24,1.55,7059300100,94723969024.0
399339,深证科技,10229.42,10416.21,10220.88,10399.95,1.55,4593942800,123453964288.0
399312,国证300,5981.64,6101.23,5980.37,6066.54,1.55,17192825900,414871166976.0
399392,国证新兴,3293.34,3354.79,3292.22,3342.49,1.54,7011245600,178345197568.0
399416,I300,4402.2,4495.42,4401.51,4468.01,1.54,14047527400,344983330816.0
399932,中证消费,25578.35,26234.85,25505.31,25914.65,1.54,1379695500,73427804160.0
399402,周期100,3996.51,4074.56,3989.39,4055.38,1.53,11260630300,178385928192.0
483021,深港通主要消费R,10083.51,10294.26,10079.11,10199.88,1.52,1562917400,50611384576.0
983021,深港通主要消费,9228.43,9421.3,9224.4,9334.92,1.52,1562917400,50611384576.0
483019,深港通可选消费R,7547.98,7637.69,7539.9,7599.9,1.51,3989160100,55550167808.0
399362,民企100,10092.63,10266.84,10069.68,10227.68,1.51,3456984700,160356085760.0
983019,深港通可选消费,6853.34,6934.79,6846.01,6900.48,1.51,3989160100,55550167808.0
983007,深港通100,7062.6,7160.79,7059.18,7139.23,1.5,6772469200,158700027904.0
483007,深港通100R,7948.96,8059.48,7945.11,8035.21,1.5,6772469200,158700027904.0
989003,新华精选成长50,3756.33,3850.06,3755.67,3818.94,1.5,912474200,47721605888.0
489003,新华精选成长50R,4350.59,4459.15,4349.82,4423.1,1.5,912474200,47721605888.0
399645,100低波,11186.77,11433.47,11179.43,11360.03,1.48,3869853100,79430410240.0
399612,中创100,3213.81,3274.78,3211.44,3264.21,1.48,4229695800,144506122240.0
399611,中创100R,3598.41,3666.67,3595.76,3654.84,1.48,4229695800,144506122240.0
980033,国产替代,11329.07,11539.39,11325.05,11486.29,1.47,2887695900,72415793152.0
480033,国产替代R,12034.19,12257.6,12029.92,12201.19,1.47,2887695900,72415793152.0
980031,国证白酒,129820.08,133331.18,129294.62,131313.8,1.47,987954000,66821571072.0
399971,中证传媒,1172.02,1196.67,1170.57,1189.11,1.47,2023793300,20047608320.0
399649,中小红利,3806.42,3885.59,3805.73,3867.34,1.46,1492648800,29082281472.0
399333,中小100R,11368.36,11594.57,11362.56,11547.07,1.45,4624853000,104450240512.0
399005,中小100,9919.5,10116.88,9914.44,10075.43,1.45,4624853000,104450240512.0
399387,1000金融,4978.42,5113.1,4966.52,5051.82,1.45,8340461800,96810635264.0
399088,深创100,4931.89,5013.14,4928.38,5003.62,1.44,5045189900,137066577920.0
987022,港股通文体娱乐,2283.99,2315.9,2276.63,2298.18,1.44,359870700,13246970624.0
487022,港股通文体娱乐R,2555.15,2590.86,2546.93,2571.03,1.44,359870700,13246970624.0
399657,300绩效,8015.34,8148.6,8014.95,8132.51,1.44,14291246800,300086042624.0
399703,深证F200,8301.91,8453.66,8297.7,8414.84,1.43,12104210700,213845168128.0
399809,保险主题,1881.56,1925.03,1876.84,1907.0,1.43,1311724700,16823043328.0
399378,ESG 300,3072.54,3134.71,3072.3,3114.25,1.43,12872231200,295795445760.0
980018,国证5G,3737.22,3787.32,3732.98,3776.53,1.43,1482561000,39559071744.0
480018,国证5GR,4165.76,4221.6,4161.03,4209.58,1.43,1482561000,39559071744.0
399684,深成消费,3374.11,3452.71,3363.91,3411.93,1.42,1070936500,43037515520.0
483077,深港通运输R,5759.57,5847.25,5757.99,5839.0,1.42,423484600,5492159232.0
983077,深港通运输,5039.89,5116.61,5038.5,5109.39,1.42,423484600,5492159232.0
399285,物联网50,4746.63,4831.17,4742.37,4817.73,1.41,1844876000,50039991552.0
399007,深证300,6454.1,6567.57,6451.37,6543.4,1.4,14291246800,300086042624.0
399344,深证300R,7936.1,8075.62,7932.74,8045.9,1.4,14291246800,300086042624.0
399355,长三角,4211.56,4322.14,4210.77,4276.8,1.39,2366709500,57545463040.0
399370,国证成长,6481.37,6598.87,6474.41,6568.18,1.38,10057137200,299966361600.0
399997,中证白酒,18892.53,19410.3,18775.95,19086.07,1.38,584401300,57753840128.0
489001,新华500R,7372.28,7511.04,7369.5,7467.74,1.38,30517226500,549949841408.0
483012,深港通绿色优选R(港币),2452.45,2484.55,2452.45,2474.55,1.38,5551100700,138083799040.0
989001,新华500,5522.26,5626.2,5520.18,5593.77,1.38,30517226500,549949841408.0
983012,深港通绿色优选(港币),1864.09,1888.49,1864.09,1880.89,1.38,5551100700,138083799040.0
399279,云科技50,3733.09,3805.97,3729.86,3792.09,1.37,2014764500,47716775424.0
989008,新华ESG300,1683.86,1716.22,1683.26,1706.43,1.36,23841606700,358653059072.0
489008,新华ESG300R,1790.17,1824.58,1789.53,1814.16,1.36,23841606700,358653059072.0
399400,大中盘,4489.91,4573.46,4488.3,4547.54,1.36,30323818000,549480804352.0
399321,国证红利,7256.21,7409.65,7248.45,7344.32,1.36,4816673800,86324076544.0
980029,新基建,5806.81,5905.45,5805.8,5872.5,1.35,2355859800,73412104192.0
399399,中经GDP,8571.05,8730.82,8563.78,8682.51,1.35,16849207600,278248538112.0
483042,深港通服装纺织R（港币,12320.66,12543.62,12233.97,12447.67,1.35,239361900,4442348800.0
983042,深港通服装纺织（港币）,10896.7,11093.89,10820.03,11009.03,1.35,239361900,4442348800.0
399357,环渤海,3031.83,3081.77,3029.39,3069.49,1.34,5192983300,57099145472.0
399353,国证物流,2371.95,2404.55,2371.78,2397.68,1.34,1507445200,15408231680.0
399699,金融科技,3946.01,4035.18,3941.46,3994.88,1.34,2624830700,46910958848.0
487010,港股大中盘R,1449.74,1460.36,1449.74,1457.56,1.32,4239250400,65472095232.0
987010,港股大中盘,1162.82,1171.35,1162.82,1169.1,1.32,4239250400,65472095232.0
399630,1000成长,2057.88,2089.63,2056.39,2083.1,1.31,7090969100,213658406912.0
983028,深港通信息技术（港币）,9291.98,9360.46,9272.36,9350.27,1.31,7771089700,160409808896.0
483028,深港通信息技术R（港币,9536.99,9607.28,9516.85,9596.82,1.31,7771089700,160409808896.0
399283,机器人50,3775.56,3836.39,3775.56,3823.1,1.3,1025967800,24847741184.0
483006,深港通综指R(港币),7634.52,7710.53,7632.47,7696.9,1.28,31693099500,634871050240.0
983006,深港通综指(港币),6810.09,6877.89,6808.26,6865.73,1.28,31693099500,634871050240.0
399013,深市精选,6263.09,6362.85,6260.82,6339.81,1.28,16400787200,292813152256.0
983032,深港通公用事业（港币）,5518.14,5625.62,5518.14,5581.05,1.28,1804373000,16161422080.0
483032,深港通公用事业R（港币,6495.08,6621.59,6495.08,6569.13,1.28,1804373000,16161422080.0
399337,深证民营,7010.15,7113.37,6994.23,7093.78,1.28,3576267600,127191801856.0
980056,价值因子,2995.49,3041.6,2991.84,3036.88,1.27,2380187700,43627736832.0
480056,价值因子R,3258.38,3308.53,3254.41,3303.4,1.27,2380187700,43627736832.0
399363,云科技,5602.21,5709.3,5602.21,5683.02,1.26,1980325600,56745321472.0
489002,新华区块链R,1389.73,1419.78,1387.44,1405.28,1.26,3102852600,50348183296.0
989002,新华区块链,1219.17,1245.54,1217.16,1232.81,1.26,3102852600,50348183296.0
983056,深港通工业服务（港币）,3332.56,3371.79,3326.54,3364.79,1.25,715118500,7736833280.0
483056,深港通工业服务R（港币,3697.47,3741.0,3690.8,3733.23,1.25,715118500,7736833280.0
487001,港股50R,1857.49,1871.76,1857.49,1866.65,1.25,825722200,30310473216.0
987001,港股50,1456.35,1467.53,1456.35,1463.53,1.25,825722200,30310473216.0
399320,国证服务,2191.84,2221.46,2188.43,2216.57,1.24,4431638500,37914656768.0
399641,深证新兴,3020.25,3062.08,3018.12,3058.34,1.23,9222546400,200499445760.0
480006,GTCOM港股通100R（港币,1579.46,1587.42,1576.95,1583.17,1.23,2386761200,35513336064.0
399405,大盘高贝,3145.4,3195.36,3136.29,3178.42,1.23,3200385100,146368196608.0
399687,深成信息,3548.78,3603.28,3543.99,3597.41,1.23,5707056600,97068339200.0
980006,GTCOM港股通100（港币）,1320.05,1326.71,1317.95,1323.15,1.23,2386761200,35513336064.0
487023,港股通文体娱乐R（人民,2663.46,2701.07,2655.8,2679.52,1.23,359870700,10775615744.0
987023,港股通文体娱乐（人民币,2380.8,2414.42,2373.95,2395.15,1.23,359870700,10775615744.0
399002,深成指R,18781.2,19067.64,18771.04,19010.16,1.23,33740461300,433509457920.0
399001,深证成指,14965.44,15193.68,14957.34,15147.87,1.23,47054755300,695503273984.0
399620,深证信息,5364.56,5447.0,5356.69,5437.73,1.22,5137682700,94238613504.0
399974,国企改革,2034.97,2074.68,2034.97,2062.13,1.22,5979241700,135838568448.0
399626,中创成长,2372.21,2406.71,2368.06,2402.78,1.22,3457541200,124504354816.0
399373,大盘价值,7383.94,7525.82,7372.18,7463.8,1.22,6081402100,75474599936.0
470006,创业板R(港币)(CNH),3928.55,3978.84,3904.99,3973.54,1.22,2241009100,112796147712.0
970006,创业板指(港币)(CNH),3688.01,3735.22,3665.89,3730.24,1.22,2241009100,112796147712.0
399388,1000信息,5973.97,6057.05,5966.68,6045.41,1.22,7102101500,141121527808.0
399286,区块链50,3802.9,3861.63,3795.62,3844.02,1.22,2156415700,34984765440.0
399608,科技100,4499.85,4575.25,4495.91,4558.78,1.21,2667910000,90474815488.0
989009,新华ESG 50,1672.27,1705.65,1672.27,1694.93,1.2,4102271200,89978064896.0
489009,新华ESG 50R,1790.76,1826.5,1790.76,1815.02,1.2,4102271200,89978064896.0
470007,创业板R(美元)(CNH),3922.86,3972.94,3898.88,3967.46,1.2,2241009100,14464360704.0
970007,创业板指(美元)(CNH),3682.68,3729.69,3660.17,3724.55,1.2,2241009100,14464360704.0
399814,大农业,1602.88,1630.12,1601.36,1622.0,1.19,1329040100,30673993728.0
399350,皖江30,2892.11,2931.79,2888.15,2923.38,1.19,1236485900,20309154304.0
399660,中创EW,3337.75,3395.41,3336.08,3381.4,1.18,4229695800,144506122240.0
399676,深医药EW,3423.23,3465.67,3420.96,3462.08,1.17,1949839800,50583463680.0
483011,深港通绿色优选R,2454.45,2486.17,2454.35,2476.1,1.16,5551100700,112321835008.0
983011,深港通绿色优选,1864.95,1889.06,1864.88,1881.4,1.16,5551100700,112321835008.0
399311,国证1000,5222.68,5305.39,5220.62,5280.78,1.16,46473266400,724258172928.0
487003,港股通50R,1717.14,1727.22,1714.46,1722.72,1.16,950750800,26258605312.0
987003,港股通50,1445.07,1453.55,1442.82,1449.76,1.16,950750800,26258605312.0
399634,中小等权,4569.97,4633.67,4566.72,4622.11,1.16,4624853000,104450240512.0
487012,港股大盘R,1418.37,1427.75,1418.28,1423.71,1.15,1996649000,40758390784.0
987012,港股大盘,1130.67,1138.15,1130.6,1134.93,1.15,1996649000,40758390784.0
399644,深证时钟,4688.73,4783.14,4686.62,4739.16,1.15,4145363300,80288505856.0
983041,深港通服装纺织,9962.3,10143.2,9894.51,10063.13,1.14,239361900,3613563120.0
483041,深港通服装纺织R,11266.3,11470.88,11189.63,11380.33,1.14,239361900,3613563120.0
987016,港股通红利,1299.42,1314.06,1297.54,1310.34,1.12,1000878300,7642785280.0
487016,港股通红利R,1877.69,1898.84,1874.97,1893.47,1.12,1000878300,7642785280.0
399361,在线消费,3908.57,3965.99,3907.88,3950.17,1.11,1609114100,19084250368.0
487011,港股大中盘R（人民币）,1320.66,1330.53,1320.56,1327.54,1.11,4239250400,53257621248.0
987011,港股大中盘（人民币）,1059.29,1067.21,1059.21,1064.81,1.11,4239250400,53257621248.0
399672,深红利50,4557.65,4615.81,4550.97,4608.71,1.11,1600793000,35252221184.0
399103,乐富指数,8995.08,9118.64,8994.98,9094.12,1.11,12629600000,15586821376.0
399293,创业大盘,6743.56,6831.78,6687.42,6821.22,1.1,1007028800,67798562560.0
483027,深港通信息技术R,8722.18,8787.75,8705.64,8775.23,1.1,7771089700,130482446336.0
983027,深港通信息技术,8496.77,8560.65,8480.66,8548.45,1.1,7771089700,130482446336.0
399693,安防产业,4132.16,4185.38,4124.93,4184.01,1.09,1114130800,22161700864.0
399306,深证ETF,1818.83,1844.43,1817.97,1838.49,1.08,11890036500,14516331776.0
399617,深证消费,16326.45,16646.5,16278.46,16454.45,1.08,634829100,37440543488.0
483005,深港通综指R,6981.17,7051.72,6979.46,7036.88,1.07,31693099500,516424634368.0
983005,深港通综指,6225.97,6288.88,6224.44,6275.65,1.07,31693099500,516424634368.0
399335,深证央企,5439.22,5534.79,5439.22,5517.19,1.07,1908800700,35405596416.0
399673,创业板50,3475.51,3518.55,3448.55,3513.59,1.07,1747462400,73115508736.0
983031,深港通公用事业,5044.72,5143.98,5044.42,5101.28,1.07,1804373000,13146259200.0
483031,深港通公用事业R,5938.58,6055.43,5938.22,6005.16,1.07,1804373000,13146259200.0
399359,国证基建,2605.49,2643.59,2601.84,2636.89,1.06,4845918200,30721834752.0
399669,深证农业,13162.37,13399.58,13157.23,13276.63,1.06,1312345200,45401599488.0
483074,深港通零售R（港币）,8481.15,8498.02,8316.07,8392.16,1.05,299320400,5444005632.0
399008,中小300,1874.44,1900.81,1873.28,1895.41,1.05,9444389100,165057830912.0
399423,中关村50,3196.38,3245.38,3194.56,3231.47,1.05,2958730900,44027542272.0
983048,深港通网络软件（港币）,8502.76,8512.88,8463.99,8493.06,1.04,2340880200,40099123712.0
483048,深港通网络软件R（港币,8632.87,8643.14,8593.5,8623.02,1.04,2340880200,40099123712.0
399406,中盘低波,12221.03,12371.97,12202.14,12346.61,1.04,5464304400,37373309696.0
983074,深港通零售（港币）,8051.74,8067.75,7895.02,7967.25,1.04,299320400,5444005632.0
983055,深港通工业服务,3047.67,3083.53,3043.2,3076.55,1.04,715118500,6293388032.0
483055,深港通工业服务R,3382.17,3421.97,3377.21,3414.23,1.04,715118500,6293388032.0
487002,港股50R（人民币）,1693.56,1706.78,1693.44,1701.6,1.03,825722200,24655751424.0
987002,港股50（人民币）,1327.82,1338.18,1327.72,1334.12,1.03,825722200,24655751424.0
983052,深港通农牧渔（港币）,7056.83,7151.66,7029.1,7105.0,1.03,666379400,12736205056.0
483052,深港通农牧渔R（港币）,7691.43,7794.8,7661.21,7743.94,1.03,666379400,12736205056.0
483161,低碳科技R(港币),4158.1,4199.51,4146.69,4190.27,1.03,1865772600,95147487232.0
983161,低碳科技(港币),3704.94,3741.84,3694.77,3733.6,1.03,1865772600,95147487232.0
399379,国证基金,9161.54,9292.88,9158.96,9254.19,1.02,43527439100,60214632960.0
480005,GTCOM港股通100R,1491.91,1499.66,1489.96,1495.15,1.02,2386761200,28887968256.0
399380,国证ETF,1814.18,1840.96,1813.55,1832.56,1.02,42573771500,58755450624.0
980005,GTCOM港股通100,1247.12,1253.59,1245.49,1249.82,1.02,2386761200,28887968256.0
399661,深证低波,5996.7,6080.5,5990.62,6057.83,1.02,4540154600,69089955840.0
399282,大数据50,4486.07,4564.28,4484.77,4544.31,1.01,1358557600,21075266304.0
399623,中小基础,10076.38,10211.89,10071.82,10183.44,1.01,11089920500,180739129344.0
399006,创业板指,3422.38,3463.65,3400.38,3459.32,1.01,13298574100,261924102144.0
399606,创业板R,3645.6,3689.57,3622.17,3684.95,1.01,2241009100,91726557184.0
399011,深证1000,7031.94,7120.33,7027.8,7101.77,1.01,28729129200,484659900416.0
399238,餐饮指数,909.91,920.67,909.02,919.05,1.0,13564800,111476390.0
399433,国证交运,1856.38,1874.94,1854.47,1868.92,0.99,1585155100,15112385280.0
399631,1000价值,2328.23,2358.85,2327.0,2347.79,0.98,12622630900,136298921984.0
399642,中小新兴,2669.93,2704.83,2667.42,2700.02,0.96,4155233400,83950567424.0
480053,绿色金融R（港币）,1863.7,1889.49,1862.98,1879.23,0.96,2104697900,24386675712.0
980053,绿色金融（港币）,1421.94,1441.62,1421.4,1433.79,0.96,2104697900,24386675712.0
399986,中证银行,6424.23,6544.41,6408.47,6482.1,0.96,2692752500,22228695296.0
399627,中创价值,2473.69,2512.25,2473.33,2500.85,0.95,4868579600,73274216448.0
399901,小康指数,5795.91,5881.55,5788.96,5858.21,0.95,9307521500,126514950144.0
487004,港股通50R（人民币）,1564.25,1573.65,1562.26,1569.05,0.95,950750800,21359799808.0
987004,港股通50（人民币）,1316.41,1324.32,1314.73,1320.44,0.95,950750800,21359799808.0
399625,中创500,2632.62,2664.83,2630.71,2659.57,0.95,13538062100,289842470912.0
987013,港股大盘（人民币）,1030.01,1036.96,1029.93,1033.7,0.94,1996649000,33154505472.0
487013,港股大盘R（人民币）,1292.09,1300.81,1291.99,1296.71,0.94,1996649000,33154505472.0
399431,国证银行,6652.24,6776.15,6635.4,6710.01,0.93,2511033900,21420499968.0
399100,新 指 数,11556.48,11688.97,11550.28,11662.7,0.93,45138776800,684198477824.0
399101,中小综指,14256.7,14431.74,14249.38,14396.42,0.93,18787631400,260670590976.0
980020,湾区海洋(港币),1608.04,1623.93,1605.2,1620.31,0.93,195623600,3271926816.0
480020,湾区海洋R(港币),1969.2,1988.66,1965.72,1984.22,0.93,195623600,3271926816.0
399633,深300EW,6645.49,6726.61,6643.96,6710.48,0.91,14291246800,300086042624.0
487017,港股通红利R（人民币）,1957.28,1979.64,1954.53,1973.37,0.91,1000878300,6216947200.0
987017,港股通红利（人民币）,1354.5,1369.98,1352.6,1365.63,0.91,1000878300,6216947200.0
399317,国证Ａ指,6297.15,6373.85,6294.28,6351.3,0.9,85627674600,1194894950400.0
399236,批零指数,1440.04,1457.74,1437.89,1452.72,0.89,880440500,9975917312.0
399411,红利100,3346.92,3384.94,3341.75,3375.75,0.89,5580173100,71068991488.0
983054,深港通非银（港币）,6426.61,6511.6,6421.92,6458.03,0.88,2018757800,33720363264.0
483054,深港通非银R（港币）,7173.73,7268.59,7168.49,7208.8,0.88,2018757800,33720363264.0
399107,深证Ａ指,2638.3,2667.55,2636.85,2661.22,0.87,47039035400,695433555968.0
399106,深证综指,2521.26,2549.2,2519.88,2543.16,0.87,47054755300,695503273984.0
483073,深港通零售R,7757.86,7772.52,7609.1,7675.03,0.84,299320400,4428353280.0
399643,创业新兴,4040.62,4083.93,4010.76,4077.96,0.84,2270410300,82230267904.0
399371,国证价值,6463.08,6551.78,6452.45,6514.15,0.84,20129667600,178677211136.0
983047,深港通网络软件,7774.73,7785.02,7740.8,7764.4,0.83,2340880200,32617936128.0
483047,深港通网络软件R,7893.97,7904.42,7859.51,7883.48,0.83,2340880200,32617936128.0
983073,深港通零售,7362.69,7376.6,7221.51,7284.09,0.83,299320400,4428353280.0
399435,国证农牧,5144.48,5211.0,5130.84,5182.38,0.83,1155746100,16529299968.0
399003,成份Ｂ指,7976.34,8070.44,7967.4,8044.19,0.83,15720100,69718395.0
483051,深港通农牧渔R,7037.39,7131.68,7012.65,7084.05,0.82,666379400,10360028928.0
983051,深港通农牧渔,6456.42,6542.92,6433.71,6499.22,0.82,666379400,10360028928.0
983160,低碳科技,3858.79,3897.67,3849.08,3887.89,0.82,1865772600,77395968000.0
483160,低碳科技R,4330.77,4374.4,4319.87,4363.42,0.82,1865772600,77395968000.0
483026,深港通金融R（港币）,6642.8,6705.08,6640.39,6672.66,0.8,3100282000,44947435776.0
983026,深港通金融（港币）,5525.42,5577.23,5523.41,5550.26,0.8,3100282000,44947435776.0
399290,深转交债,176.53,178.27,176.5,177.99,0.8,73265500,11913625088.0
399805,互联金融,2970.06,3017.3,2964.9,2994.07,0.79,3915544900,57755714048.0
399648,深证GDP,10375.11,10493.11,10358.51,10454.61,0.79,6169881300,109473435648.0
399667,创业板G,5433.62,5481.88,5387.05,5478.62,0.79,1667619000,74892959744.0
399697,中关村60,4614.21,4680.72,4612.29,4652.53,0.78,1751437400,29507633920.0
399665,中创低波,2036.74,2056.06,2033.77,2051.82,0.78,5291780900,73865818112.0
399390,1000公用,2507.11,2548.16,2498.07,2533.48,0.78,2580634800,16053761792.0
483034,深港通通信服务R（港币,5017.12,5098.37,5017.12,5068.24,0.77,620968100,10761274112.0
983034,深港通通信服务（港币）,4852.69,4931.27,4852.69,4902.13,0.77,620968100,10761274112.0
399705,深证中游,4286.48,4328.94,4278.64,4325.82,0.77,6705421800,145797550080.0
399374,中盘成长,6292.02,6366.97,6286.4,6343.44,0.76,2761438900,74430050304.0
399277,公共健康,3641.21,3680.41,3633.21,3673.35,0.76,827218800,20857984000.0
399994,信息安全,1940.8,1968.57,1940.29,1958.02,0.76,1815743400,38352777728.0
399231,农林指数,1521.68,1544.91,1517.92,1533.53,0.75,461666200,8232842752.0
399307,深证转债,321.25,323.9,321.16,323.61,0.75,234569100,41977187584.0
980052,绿色金融,1419.42,1438.93,1419.17,1430.98,0.75,2104697900,19836942848.0
480052,绿色金融R,1860.39,1885.97,1860.06,1875.54,0.75,2104697900,19836942848.0
983082,深港通银行（港币）,4804.72,4839.1,4801.11,4826.09,0.74,1045452500,9937813504.0
483082,深港通银行R（港币）,6093.88,6137.49,6089.31,6120.98,0.74,1045452500,9937813504.0
399688,深成电信,1563.26,1589.56,1560.95,1579.11,0.73,207192000,5465093376.0
399315,巨潮中盘,5191.35,5243.44,5189.38,5231.64,0.73,13248545300,196176723968.0
399635,创业板EW,2617.55,2650.2,2613.26,2641.08,0.73,2241009100,91726557184.0
399804,中证体育,1824.15,1844.73,1822.79,1838.82,0.72,564072300,8330268928.0
399404,大盘低波,4854.86,4910.17,4853.48,4892.31,0.72,4890267600,46307715584.0
980019,湾区海洋,1621.64,1637.91,1619.25,1633.7,0.72,195623600,2661502816.0
480019,湾区海洋R,1985.85,2005.78,1982.92,2000.62,0.72,195623600,2661502816.0
399233,制造指数,3299.29,3332.19,3297.41,3322.32,0.71,28206257900,497099636736.0
980017,国证芯片,12436.96,12504.68,12348.29,12466.14,0.7,688763700,40247505152.0
480017,国证芯片R,13389.35,13462.25,13293.88,13420.75,0.7,688763700,40247505152.0
399413,国证转债,159.1,160.17,159.04,160.14,0.69,390424200,67878117376.0
399012,创业300,4573.21,4615.51,4548.91,4608.74,0.69,5625499600,145348132864.0
983053,深港通非银,5875.69,5953.08,5871.31,5903.3,0.66,2018757800,27429247488.0
483053,深港通非银R,6558.92,6645.31,6554.03,6589.74,0.66,2018757800,27429247488.0
399659,深成指EW,4818.59,4859.02,4816.08,4852.7,0.66,19187898600,368276205568.0
399996,智能家居,3535.33,3566.83,3533.72,3557.49,0.65,5101684700,84292079616.0
983062,深港通基材（港币）,7408.92,7476.21,7403.22,7449.15,0.64,2893740100,46786400512.0
483062,深港通基材R（港币）,8145.42,8219.41,8139.16,8189.65,0.64,2893740100,46786400512.0
399284,AI 50,3976.63,4025.35,3969.48,4009.39,0.63,1350946600,31696815616.0
399427,专利领先,3098.34,3130.71,3093.59,3116.24,0.62,3604114000,79344459776.0
399640,创业基础,2955.74,2981.01,2941.34,2976.6,0.62,7029395700,153894019072.0
399297,新浪100,3964.04,3999.28,3963.25,3990.37,0.62,1465548900,12429583360.0
399060,碳科技60,4077.68,4112.92,4061.53,4102.39,0.62,2379341300,87502073856.0
399668,创业板V,4094.32,4148.75,4083.37,4125.97,0.62,2679171800,49581797376.0
399102,创业板综,3700.27,3730.16,3685.14,3724.31,0.6,13298574100,261924102144.0
983014,深港通能源（港币）,4403.94,4451.13,4398.47,4423.49,0.6,897995900,11606491392.0
483014,深港通能源R（港币）,5842.26,5904.86,5835.01,5868.2,0.6,897995900,11606491392.0
399422,中关村A,3508.25,3542.26,3506.86,3532.07,0.6,7910503900,89660710912.0
483025,深港通金融R,6073.85,6130.48,6071.12,6100.02,0.59,3100282000,36561736704.0
983025,深港通金融,5051.51,5098.61,5049.24,5073.27,0.59,3100282000,36561736704.0
483040,深港通汽车R（港币）,10446.83,10506.55,10396.55,10476.26,0.59,828008500,19041838848.0
983040,深港通汽车（港币）,9408.95,9462.74,9363.67,9435.46,0.59,828008500,19041838848.0
399276,创科技,7611.66,7688.95,7557.61,7664.05,0.58,1090668900,50780984832.0
399639,深证大宗,2804.67,2828.38,2793.56,2821.4,0.58,2221143300,34066873856.0
399108,深证Ｂ指,1195.74,1205.66,1194.28,1202.84,0.58,15720100,69718395.0
399408,小盘低波,13103.11,13197.0,13082.29,13185.8,0.58,4726425600,31687584000.0
399663,中小低波,1719.88,1732.69,1717.22,1729.1,0.57,2572712100,23560818432.0
983033,深港通通信服务,4439.25,4511.72,4439.07,4483.63,0.56,620968100,8753571328.0
483033,深港通通信服务R,4590.27,4665.21,4590.08,4636.16,0.56,620968100,8753571328.0
399269,创质量,7369.83,7455.43,7323.6,7419.66,0.55,1010330400,53240692480.0
399662,深证高贝,2651.31,2679.42,2645.43,2670.52,0.55,5632591600,178255040512.0
983081,深港通银行,4392.33,4423.38,4388.71,4411.05,0.53,1045452500,8083765248.0
483081,深港通银行R,5571.8,5611.2,5567.21,5595.54,0.53,1045452500,8083765248.0
399604,中小价值,2202.85,2228.61,2202.61,2216.4,0.52,2668011000,34516667136.0
483030,深港通电信业务R（港币,4581.62,4636.32,4581.62,4611.74,0.5,722642400,12058965760.0
983030,深港通电信业务（港币）,4029.06,4077.17,4029.06,4055.55,0.5,722642400,12058965760.0
399410,苏州率先,2711.63,2738.06,2696.82,2730.72,0.49,812778600,14684492288.0
399318,国证Ｂ指,4773.73,4801.72,4767.1,4794.79,0.49,38746400,208530103.0
399401,中小盘,5001.24,5037.35,4998.05,5028.98,0.48,29397994000,370954092544.0
399679,深证200R,6120.24,6169.78,6117.55,6152.69,0.45,7280329200,107292319744.0
399009,深证200,5358.01,5401.39,5355.67,5386.42,0.45,7280329200,107292319744.0
399440,国证钢铁,1633.53,1662.72,1623.72,1645.5,0.44,3438488200,16258988800.0
399418,国证国安,4512.49,4535.38,4504.08,4534.45,0.43,4408178700,84344766464.0
483061,深港通基材R,7450.89,7519.55,7447.66,7489.9,0.43,2893740100,38057542144.0
983061,深港通基材,6774.2,6836.63,6771.27,6809.67,0.43,2893740100,38057542144.0
483088,深港通新能源车R(港币),8424.58,8483.79,8376.59,8447.42,0.43,1579068100,73633247232.0
983088,深港通新能源车(港币),7622.82,7676.4,7579.4,7643.49,0.43,1579068100,73633247232.0
399428,国证定增,3727.68,3750.83,3721.17,3735.45,0.42,3350319600,52430240768.0
399681,深成材料,1539.12,1552.59,1535.87,1548.73,0.42,2723094100,46094148096.0
399249,综企指数,1501.45,1509.59,1486.99,1506.63,0.41,88979400,1316744160.0
399692,创业低波,3577.01,3609.2,3573.75,3591.67,0.4,2120775500,35717020160.0
399432,智能汽车,8207.76,8284.8,8157.62,8245.66,0.4,572730100,42095461632.0
983013,深港通能源,4026.01,4070.44,4021.81,4043.13,0.39,897995900,9441097472.0
483013,深港通能源R,5341.63,5400.57,5336.05,5364.33,0.39,897995900,9441097472.0
399235,建筑指数,1138.54,1148.06,1137.88,1143.74,0.39,731218900,5312339456.0
399982,500等权,8397.37,8443.02,8387.04,8432.13,0.38,19608716800,211492052992.0
983039,深港通汽车,8601.69,8652.14,8561.97,8624.29,0.38,828008500,15489265664.0
483039,深港通汽车R,9553.99,9610.02,9509.87,9579.09,0.38,828008500,15489265664.0
399296,创成长,8356.05,8400.92,8272.72,8392.62,0.37,894548500,65526851840.0
399016,深证创新,5074.83,5103.47,5057.96,5098.04,0.37,2198798300,89831649280.0
399366,国证大宗,2928.17,2948.41,2918.08,2941.24,0.37,9046082300,84353146880.0
399375,中盘价值,5760.66,5800.72,5748.68,5787.98,0.36,6872149200,52819145216.0
399614,深证材料,4388.52,4426.74,4379.56,4411.92,0.36,2873754300,52643658240.0
483018,深港通工业R（港币）,7141.58,7159.67,7111.35,7157.91,0.33,4098631100,97798725632.0
983018,深港通工业（港币）,6504.53,6521.01,6477.0,6519.4,0.33,4098631100,97798725632.0
983016,深港通材料（港币）,8036.8,8088.3,8019.8,8059.25,0.33,4324473100,86838132736.0
483016,深港通材料R（港币）,8708.15,8763.96,8689.73,8732.48,0.33,4324473100,86838132736.0
399382,1000材料,3742.71,3768.36,3733.59,3759.73,0.32,8554294000,98196312064.0
483086,深港通节能R(港币),3371.83,3390.86,3358.81,3379.99,0.31,2082059400,54492097536.0
983086,深港通节能(港币),2949.38,2966.02,2937.99,2956.52,0.31,2082059400,54492097536.0
480069,蓝色100R(港币),3057.66,3072.94,3047.19,3065.18,0.3,1229613200,17961935872.0
980069,蓝色100(港币),2653.95,2667.22,2644.86,2660.48,0.3,1229613200,17961935872.0
983029,深港通电信业务,3684.65,3729.13,3684.47,3708.18,0.29,722642400,9809164800.0
483029,深港通电信业务R,4190.2,4240.79,4189.99,4216.96,0.29,722642400,9809164800.0
399678,深次新股,1008.48,1014.9,1006.84,1010.79,0.28,705177000,20862552832.0
399292,民企发展,1350.69,1356.39,1349.59,1352.95,0.28,7082051600,72174206976.0
480057,动量因子R,2393.52,2406.74,2391.42,2402.77,0.28,1915299300,26517693696.0
980057,动量因子,2169.71,2181.69,2167.8,2178.09,0.28,1915299300,26517693696.0
399991,一带一路,2171.36,2187.9,2168.04,2181.72,0.27,8088897300,73496137728.0
399239,IT指数,1838.71,1850.98,1836.84,1845.66,0.27,4476239600,52420240384.0
399018,创业创新,5436.57,5475.96,5425.69,5459.84,0.27,1390811300,64409136384.0
399376,小盘成长,7087.94,7127.32,7071.53,7114.09,0.26,4106715300,57092422656.0
399675,深互联网,3096.5,3120.85,3093.71,3109.02,0.24,3159251600,40799046656.0
399905,中证 500,7298.8,7331.58,7290.27,7320.32,0.24,19608716800,211492052992.0
399360,新硬件,5306.75,5330.17,5306.75,5316.2,0.23,4291265300,66455266560.0
399802,500深市,6560.87,6592.7,6552.26,6578.89,0.23,8988589800,109192056832.0
983068,深港通半导体（港币）,14329.54,14418.43,14231.12,14365.09,0.23,428157600,19234582528.0
483068,深港通半导体R（港币）,14816.68,14908.6,14714.93,14853.44,0.23,428157600,19234582528.0
983087,深港通新能源车,7628.82,7683.33,7586.83,7648.03,0.22,1579068100,59895627264.0
483087,深港通新能源车R,8433.46,8493.71,8387.03,8454.69,0.22,1579068100,59895627264.0
399389,国证通信,3744.35,3775.63,3738.74,3755.78,0.19,1361428300,19259787776.0
399666,中创高贝,1991.95,2004.66,1985.98,1998.98,0.19,5315342600,181557739520.0
399613,深证能源,3932.46,3987.98,3910.44,3940.66,0.19,651748200,8390110720.0
399624,中创400,2514.54,2526.97,2510.97,2520.65,0.18,9308366300,145336348672.0
399407,中盘高贝,3413.32,3435.28,3405.31,3422.6,0.18,4113701700,94918934528.0
399316,巨潮小盘,5888.88,5914.13,5883.05,5905.11,0.17,16149448700,174777368576.0
399677,深互联EW,3821.55,3850.35,3816.67,3835.79,0.17,3159251600,40799046656.0
399664,中小高贝,1461.85,1467.88,1457.87,1464.72,0.16,3764133700,98617667584.0
399628,700成长,2391.36,2403.88,2388.77,2395.04,0.15,3022317500,60630587904.0
399017,SME创新,4164.67,4174.63,4154.88,4170.06,0.14,2396319300,71382056960.0
480055,规模因子R,1911.78,1924.17,1905.33,1916.72,0.12,1028125700,21373118208.0
980055,规模因子,1744.5,1755.8,1738.61,1749.0,0.12,1028125700,21373118208.0
983017,深港通工业,5948.64,5963.95,5924.62,5961.09,0.12,4098631100,79552577536.0
483017,深港通工业R,6532.68,6549.49,6506.3,6546.36,0.12,4098631100,79552577536.0
483015,深港通材料R,7966.63,8018.68,7952.05,7987.34,0.12,4324473100,70636908544.0
983015,深港通材料,7347.94,7395.95,7334.49,7367.04,0.12,4324473100,70636908544.0
971002,中小地产,1438.68,1453.91,1432.42,1449.13,0.12,335107600,1085445120.0
471002,中小地产R,1580.08,1596.82,1573.21,1591.56,0.12,335107600,1085445120.0
399992,CSWD并购,1906.46,1912.74,1899.67,1910.27,0.12,1262337100,19321888000.0
399299,深信中低,209.78,210.03,209.78,209.97,0.1,253300,19483684.0
983085,深港通节能,2950.92,2967.92,2940.13,2957.49,0.1,2082059400,44325625344.0
483085,深港通节能R,3374.72,3394.16,3362.38,3382.23,0.1,2082059400,44325625344.0
399807,高铁产业,1253.63,1258.94,1249.09,1255.49,0.09,736823500,5639822592.0
399319,资源优势,2400.05,2418.44,2393.52,2403.33,0.09,7691886100,61789719552.0
399244,公共指数,739.65,741.17,737.29,739.53,0.09,555232800,4586851328.0
480068,蓝色100R,3083.53,3099.58,3073.59,3090.53,0.09,1229613200,14610840320.0
980068,蓝色100,2676.4,2690.34,2667.78,2682.48,0.09,1229613200,14610840320.0
399417,新能源车,5222.18,5260.31,5196.83,5233.3,0.09,1918999100,68479060736.0
399621,深证电信,3142.64,3168.91,3136.65,3154.1,0.08,314353900,6828592640.0
399030,碳科技30,5662.44,5694.39,5598.84,5672.89,0.08,563160900,35564761600.0
399698,优势成长,28385.06,28454.4,28223.65,28399.4,0.07,468203000,5447105280.0
399556,央视生态,3555.38,3580.15,3539.26,3559.36,0.07,1665769100,53527099904.0
399696,深证创投,3707.5,3731.73,3695.23,3712.4,0.06,3618004000,62775909632.0
399302,深公司债,192.03,192.11,192.03,192.11,0.05,924200,74041833.0
399615,深证工业,5000.69,5016.84,4975.02,5011.71,0.05,2546258200,61149862400.0
399298,深信中高,184.83,184.88,184.83,184.88,0.04,924200,74041833.0
399010,深证700,8352.26,8374.04,8334.33,8355.65,0.04,14437882400,184573857792.0
399301,深信用债,188.16,188.21,188.16,188.2,0.03,924200,74041833.0
983067,深港通半导体,13106.3,13187.85,13018.34,13136.29,0.02,428157600,15646021376.0
483067,深港通半导体R,13552.66,13636.99,13461.71,13583.67,0.02,428157600,15646021376.0
399481,企债指数,126.9,126.91,126.89,126.9,0.0,7379500,662282848.0
399419,国证高铁,1934.88,1942.19,1924.68,1935.59,-0.01,1023457800,10472721408.0
399694,创业高贝,3654.16,3671.88,3632.92,3660.23,-0.01,1772886700,87343661056.0
399377,小盘价值,7275.36,7298.34,7250.86,7280.71,-0.02,7176116500,50383467520.0
983064,深港通化工（港币）,9020.55,9056.67,8972.75,9018.57,-0.03,1430733000,40051732736.0
483064,深港通化工R（港币）,9536.71,9574.89,9486.18,9534.62,-0.03,1430733000,40051732736.0
983070,深港通工业品（港币）,7820.46,7829.0,7770.31,7813.38,-0.04,2960027900,83310063616.0
483070,深港通工业品R（港币）,8473.97,8483.22,8419.64,8466.3,-0.04,2960027900,83310063616.0
399015,中小创新,2750.62,2757.29,2743.62,2748.02,-0.05,9541230600,116383694848.0
399629,700价值,2839.48,2843.42,2827.24,2835.27,-0.06,5702188300,57110143232.0
399303,国证2000,8995.37,9006.11,8968.02,8985.45,-0.06,28330771200,345497071616.0
983058,深港通电信服务（港币）,3025.23,3038.29,3013.15,3022.34,-0.06,101674300,1297691744.0
483058,深港通电信服务R（港币,3816.91,3833.38,3801.67,3813.26,-0.06,101674300,1297691744.0
399682,深成工业,2305.68,2309.33,2289.16,2306.98,-0.06,2240133600,55801654272.0
399680,深成能源,939.25,954.32,934.14,940.86,-0.09,550027400,7537956352.0
399652,中创高新,4298.29,4321.35,4273.07,4306.02,-0.1,1012289400,28400068352.0
399409,小盘高贝,5604.42,5618.72,5586.25,5604.39,-0.12,4681430000,80298172416.0
399381,1000能源,2366.11,2382.76,2354.81,2368.71,-0.13,2513778800,19357419008.0
399976,CS新能车,6346.66,6360.6,6293.26,6342.01,-0.13,885986100,52346207744.0
399383,1000工业,3557.68,3561.19,3542.58,3556.24,-0.14,7375842000,107820810240.0
399232,采矿指数,2621.45,2632.71,2605.6,2618.72,-0.16,589879400,7566467072.0
399813,中证国安,6858.26,6894.7,6828.7,6856.11,-0.18,2760977700,63979405312.0
399429,新丝路,1722.75,1724.6,1714.32,1722.17,-0.18,3460654600,39255275776.0
399636,深证装备,6087.25,6110.79,6065.0,6088.42,-0.18,2613823500,58775988480.0
399690,中小专利,2789.72,2792.21,2775.69,2779.48,-0.2,989146100,20081427712.0
399806,环境治理,1620.96,1624.42,1611.17,1618.33,-0.22,987780000,8933235712.0
983063,深港通化工,8245.87,8279.9,8203.65,8242.46,-0.24,1430733000,32579366656.0
483063,深港通化工R,8726.2,8762.21,8681.51,8722.58,-0.24,1430733000,32579366656.0
483069,深港通工业品R,7752.43,7762.47,7703.13,7743.91,-0.24,2960027900,67767031296.0
983069,深港通工业品,7152.7,7161.97,7107.22,7144.84,-0.24,2960027900,67767031296.0
399395,国证有色,7011.94,7047.93,6975.64,7002.11,-0.25,3171035000,39413034752.0
399415,I100,9642.44,9667.37,9590.77,9623.31,-0.25,2212265400,116173799424.0
399412,国证新能,4497.18,4518.42,4461.89,4493.4,-0.26,2075762500,77973192704.0
983057,深港通电信服务,2765.76,2778.07,2754.72,2762.61,-0.27,101674300,1055593456.0
483057,深港通电信服务R,3489.54,3505.07,3475.6,3485.55,-0.27,101674300,1055593456.0
399291,创精选88,4507.82,4522.08,4489.93,4505.64,-0.27,1340259900,26310227200.0
399358,国证环保,7208.77,7226.43,7156.04,7181.12,-0.28,3058883000,55986235136.0
399704,深证上游,6250.94,6293.81,6226.28,6241.35,-0.38,2093384000,31391197440.0
399689,深成公用,1114.86,1124.4,1104.41,1110.35,-0.4,581689300,4322899200.0
399368,国证军工,10037.63,10088.87,9932.28,10028.94,-0.41,1188158700,29271649792.0
399691,创业专利,2926.56,2929.81,2904.29,2917.31,-0.43,520575800,20990891776.0
399234,水电指数,1047.66,1052.82,1035.48,1040.29,-0.43,1626625500,14419380480.0
399436,绿色煤炭,3485.4,3507.46,3452.15,3470.57,-0.47,1913688500,16054045184.0
399928,中证能源,2143.86,2157.11,2132.42,2137.63,-0.48,1577714600,15968662272.0
399439,国证油气,1472.73,1476.49,1461.38,1472.42,-0.48,925566700,4820519936.0
989005,新华资源保障,2259.88,2263.8,2246.36,2253.68,-0.51,3902919000,59473816832.0
489005,新华资源保障R,2373.0,2377.12,2358.81,2366.49,-0.51,3902919000,59473816832.0
399622,深证公用,2095.93,2107.11,2067.4,2074.3,-0.51,1063404300,8387745024.0
480032,新能电池R,26506.82,26542.46,26286.16,26390.78,-0.52,1227126900,56188226048.0
980032,新能电池,21124.06,21152.46,20948.21,21031.58,-0.52,1227126900,56188226048.0
399990,煤炭等权,2618.61,2633.95,2596.41,2606.49,-0.56,1371118600,15246899200.0
399995,基建工程,4282.34,4286.61,4250.86,4267.78,-0.56,2956123500,15439387392.0
399695,深证节能,3469.88,3471.27,3441.04,3446.77,-0.57,3249272300,59998638848.0
399438,绿色电力,2294.02,2304.79,2266.65,2281.87,-0.57,1776784200,17314524160.0
399998,中证煤炭,1983.43,1999.67,1964.45,1972.7,-0.61,1371118600,15246899200.0
399808,中证新能,4860.87,4867.98,4812.51,4838.31,-0.65,3276252100,89229447168.0
399638,深证环保,8904.94,8906.01,8816.11,8852.79,-0.75,1814306900,39782097408.0
399817,生态100,1313.9,1313.9,1301.3,1305.22,-0.75,1601231900,15265481472.0
399967,中证军工,14694.24,14775.69,14470.01,14610.15,-0.77,1094259800,27590353152.0
399959,军工指数,2093.93,2105.65,2062.09,2083.34,-0.78,784239600,23155996672.0
399973,中证国防,2495.38,2507.66,2451.64,2482.65,-0.84,476769200,19175832320.0
H30040,AMAC社会,32799.57,34516.35,32792.85,34376.05,5.02,417898640,9898841600.0
H30037,AMAC商务,3569.12,3753.19,3567.69,3732.12,4.74,1690422576,18067083776.0
H30048,AMAC家具,6753.62,6916.75,6753.62,6877.21,4.32,274472832,6570159360.0
930717,SHS中国教育,1127.54,1169.43,1127.06,1167.11,4.04,652205520,5572107264.0
H30047,AMAC木材,2765.97,2852.49,2765.97,2822.98,3.97,96401432,829854400.0
930965,HKC医药C,4522.96,4661.88,4522.96,4660.32,3.69,397281248,6605902848.0
930772,100两倍,1914.56,2012.38,1913.24,1978.16,3.6,9633271808,216112738304.0
931456,中国教育,1049.91,1088.7,1049.9,1087.39,3.57,654822384,5581484544.0
930975,HKC医药CCNY,4655.84,4798.45,4655.52,4796.38,3.48,397281248,5373472768.0
CESHKB,中华香港生物科技,11410.66,11735.11,11365.85,11725.57,3.47,96858390,3231817648.0
H30178,医疗保健,24584.38,25451.32,24581.69,25373.53,3.34,789057520,29135779328.0
H30403,300日报酬两倍,3835.32,4009.73,3833.73,3954.85,3.31,22056877568,425680957440.0
H30082,300两倍,2063.1,2156.94,2062.25,2127.41,3.3,22056877568,425680957440.0
931484,CS医药创新,3234.36,3349.86,3222.2,3335.54,3.22,356193952,30667449856.0
H30217,医疗器械,16871.33,17443.31,16869.76,17361.84,3.02,351301664,17736321024.0
H50004,180可选,3747.99,3862.67,3747.99,3841.85,2.75,489889328,20293311744.0
931140,医药50,16770.79,17248.19,16751.76,17217.06,2.74,609178256,35369217280.0
931698,医药50策略,10718.16,11027.14,10697.06,10995.82,2.69,583750912,42713705472.0
931582,数字经济,1575.0,1623.84,1574.37,1614.79,2.69,4715236864,97001275392.0
H30036,AMAC餐饮,3399.48,3487.48,3391.3,3471.73,2.68,33735616,747845440.0
H50045,180两倍,4133.64,4301.6,4129.56,4235.03,2.68,13679409664,238557020160.0
931573,HKC科技,3713.86,3776.39,3711.78,3773.28,2.61,383066544,16700872192.0
931166,医药健康100,6322.52,6492.56,6321.42,6480.53,2.52,1006959440,38724271104.0
931526,企业核心竞争力50,1532.03,1580.05,1531.81,1569.32,2.48,1595373904,75174318080.0
931068,消费龙头,18561.27,19084.43,18547.07,18933.33,2.47,1641459696,68988555264.0
931409,SHS创新药,2980.97,3048.43,2967.79,3045.7,2.44,638408416,29408843008.0
H50008,180信息,4092.27,4165.65,4082.89,4142.33,2.38,535572784,23898728448.0
930629,CSSW健康,8330.15,8531.5,8330.15,8518.62,2.37,1454992304,66830516736.0
931580,SHS游戏传媒,698.28,714.67,697.95,712.15,2.33,2141797776,23535751424.0
931139,CS消费50,22957.78,23598.35,22927.79,23364.69,2.32,1090893200,71223238656.0
931524,SHS科技龙头,2531.57,2589.85,2531.52,2580.53,2.27,3690765376,80357793792.0
931637,HKC互联网,1208.9,1228.07,1208.9,1223.71,2.26,525389168,13455748352.0
H50033,沪城消费,2902.55,2985.33,2894.91,2960.75,2.23,1090499408,71286251520.0
H11143,HKT内地地产,888.62,905.76,886.0,903.66,2.23,493245936,4271253136.0
931687,证券时报价值100,2207.03,2271.2,2206.9,2251.67,2.21,3935987056,151151497216.0
930791,CS医药TI,14402.77,14750.05,14380.2,14708.61,2.2,2209979184,76309135360.0
930743,中证生科,6032.02,6183.5,6002.43,6156.38,2.2,472817088,28655106816.0
930633,中证旅游,3993.51,4068.72,3992.42,4050.29,2.19,363530256,9432258816.0
930720,CS互医疗,3272.53,3341.3,3269.07,3335.35,2.17,517902976,11619451904.0
931574,港股科技,2162.86,2190.75,2162.86,2188.88,2.14,626750224,23546968576.0
H50053,上证移动,2691.42,2746.54,2688.44,2734.16,2.13,1643224592,48984364032.0
930726,CS生医,4198.88,4299.8,4178.39,4285.71,2.12,349438960,20522391296.0
931027,HKC大消费,4793.02,4858.58,4787.84,4845.11,2.12,510606912,16982117888.0
H11165,香港200,2872.38,2918.16,2870.48,2916.48,2.11,2236487792,22720943872.0
931461,电子50,5217.25,5327.68,5211.85,5316.79,2.1,3733819696,74872819712.0
H30271,100动态,4260.23,4383.88,4255.05,4345.82,2.06,4671188992,119762235392.0
930790,CS娱乐TI,1382.28,1415.7,1381.65,1408.6,2.06,2592701168,32009120512.0
H30046,AMAC皮革,930.05,954.91,927.9,950.82,2.04,58938963,563745616.0
H50005,180消费,24983.07,25747.94,24896.99,25387.47,2.03,368413920,32729876224.0
931697,消费50策略,10395.79,10617.45,10375.47,10557.56,2.02,1913362880,91647225856.0
H30043,AMAC饮料,16191.48,16671.85,16117.11,16433.97,2.01,1057830016,66836891392.0
931663,SHS消费龙头,3109.56,3173.64,3100.12,3147.95,2.01,1015156400,69156737024.0
931440,创新药30,3316.33,3385.0,3299.99,3375.83,1.99,445795984,18130680320.0
931481,SHS线上消费,1111.52,1129.77,1110.49,1127.38,1.98,1436591952,26519377408.0
931152,CS创新药,3021.41,3088.54,3003.68,3078.36,1.98,619468176,28899713280.0
931087,科技龙头,4759.71,4861.84,4759.15,4846.07,1.97,3414583088,70110666752.0
931000,大湾区,1848.26,1891.41,1845.18,1881.64,1.97,5073234688,112604782592.0
H30365,文娱传媒,857.87,879.08,857.16,874.17,1.97,2217702064,26860628992.0
931065,财通浙30,1857.63,1912.01,1857.39,1898.3,1.96,1260660944,33177984000.0
930697,家用电器,11438.73,11621.01,11438.73,11591.34,1.96,737559296,18857178112.0
H11047,AMAC地产,2282.6,2339.04,2280.62,2328.27,1.95,2744328592,19153708032.0
H30089,红利潜力,10664.84,10946.55,10663.27,10849.47,1.94,1536431712,88342274048.0
H11049,AMAC文体,1176.72,1204.23,1176.53,1197.11,1.93,1205286768,12359093504.0
930719,CS精准医,4395.52,4490.84,4376.93,4473.36,1.92,242279514,24347929856.0
H50006,180医药,8072.16,8269.29,8015.09,8212.0,1.92,197269108,14958284800.0
931468,红利质量,33570.91,34300.0,33559.7,34166.12,1.91,1839226592,74325463040.0
CESCPD,克而瑞内房股领先指数,3838.22,3902.99,3818.95,3885.75,1.9,453175008,3129847200.0
931477,华夏银行ESG,1390.86,1427.24,1390.84,1416.39,1.89,10073207040,181608214528.0
930652,CS电子,8712.02,8877.82,8707.66,8866.29,1.89,5275518720,101266157568.0
933000,沪深300(净)HKD(CNH),8481.03,8678.52,8478.64,8617.18,1.88,22056877568,523438592000.0
950105,上证证券,1408.96,1462.7,1407.49,1440.02,1.87,3607010256,43140640768.0
H30035,300非银,9911.49,10260.17,9890.44,10110.46,1.87,4040472336,66595995648.0
CESA80,中华 A80,8964.4,9201.39,8958.75,9119.99,1.87,7821615360,189478559744.0
931357,优选消费50,3816.85,3891.44,3804.73,3856.54,1.87,1802320304,90567458816.0
H11152,内地民营,2112.51,2142.48,2112.51,2133.72,1.87,685104912,27630534400.0
H30588,中证证保,1031.68,1069.14,1029.61,1052.66,1.86,5178527232,73294528512.0
930749,沪深300USD(CNH),6462.56,6612.92,6459.94,6566.07,1.86,22056877568,67123502080.0
931496,交银理财大湾区,2004.33,2040.16,2002.46,2034.01,1.86,3513345088,73559040000.0
931589,300成长创新,11575.03,11848.48,11572.57,11776.22,1.84,4855819520,172541788160.0
931025,HKC地产,2949.13,2996.65,2946.17,2989.73,1.84,527137808,5291354112.0
930748,沪深300USD,6452.04,6609.88,6450.84,6563.34,1.82,22056877568,67095619840.0
H30205,饮料指数,43983.79,45243.36,43766.69,44574.83,1.82,976794432,64580383488.0
931470,SHS云计算,2093.56,2135.71,2093.29,2124.12,1.82,928634800,24228494592.0
931412,证券公司30,1617.37,1678.46,1614.46,1650.09,1.8,3449187072,53283089920.0
931165,新兴科技100,8065.77,8243.1,8064.8,8222.38,1.8,1598799328,52921577984.0
931575,SHS物联网,4540.55,4625.39,4538.8,4608.59,1.79,1509354528,59562386432.0
931404,SHS品牌消费50,3493.63,3564.52,3491.23,3543.79,1.79,1412171344,68699836160.0
H11144,HKT内地消费,1795.92,1822.97,1795.36,1813.17,1.78,850063568,15836183040.0
H50019,上红回报,8235.59,8416.59,8229.84,8342.59,1.78,2618509552,65677021696.0
931403,品牌工程,2399.56,2452.61,2396.72,2439.51,1.77,3773189280,159964258304.0
931402,证券先锋,1981.81,2052.5,1978.67,2020.71,1.77,5024279808,64947380992.0
931372,浙江国资,2309.14,2371.14,2309.06,2353.53,1.77,1575057104,23743757056.0
931775,房地产,4460.23,4560.53,4455.97,4544.34,1.77,2765674080,19065843712.0
H50027,沪金融红,4744.65,4847.08,4737.69,4826.49,1.76,2047359808,13017021696.0
H50014,沪中部,4287.75,4338.38,4275.53,4312.66,1.76,2725925616,33405019648.0
H30068,中证文化,1794.74,1834.28,1793.72,1825.81,1.75,2665638816,24446662656.0
930625,SHS互联网,2957.78,3011.19,2957.7,2995.6,1.75,1379181664,41086151168.0
930648,CS智消费,3544.54,3615.15,3542.03,3605.13,1.75,4713856000,105007476736.0
931465,300 ESG领先,1332.67,1364.51,1331.82,1353.94,1.73,8300763136,185184247808.0
930709,香港证券,1123.85,1148.19,1122.19,1138.71,1.72,240402583,2434762208.0
931476,ESG 120策略,1357.91,1391.18,1357.79,1380.61,1.71,10240591360,194983538688.0
H11120,香港中盘精选,2743.58,2777.76,2741.83,2775.3,1.71,1215403168,12532191744.0
930767,沪深300优选,6300.42,6436.87,6298.96,6396.49,1.7,17242781952,351141441536.0
H11121,富国多空,54271.54,55460.24,54255.0,55174.17,1.7,12820014080,292903559168.0
H30054,AMAC医药,5382.77,5478.43,5380.61,5471.6,1.69,2121453088,51968705280.0
H30318,科技传媒通信150,2244.04,2286.07,2243.01,2280.46,1.68,7030711552,134202011648.0
931643,科创创业50,1953.34,1991.22,1945.11,1986.86,1.68,669739664,57626125568.0
930746,港中小企,3024.74,3065.02,3020.32,3063.36,1.67,1383790128,7996893440.0
931565,招银理财夜光ESG,2377.48,2433.69,2377.03,2414.65,1.67,9731773440,243366506496.0
H50013,沪珠三角,8919.53,9143.71,8903.59,9053.57,1.66,2280293344,58095150336.0
H00300,300收益,6631.57,6782.4,6629.3,6735.01,1.66,22056877568,425680957440.0
931463,300 ESG,1382.07,1414.21,1381.37,1403.55,1.65,15769430272,343670083584.0
H50020,上红潜力,6573.91,6730.18,6568.67,6672.97,1.65,1556229824,64846216192.0
CES120,中华120,7080.58,7203.91,7080.38,7163.96,1.65,9126377984,214679773184.0
H30045,AMAC服装,1769.09,1799.31,1766.3,1796.82,1.65,395249104,3729924368.0
931268,持续发展,2461.77,2519.41,2460.38,2500.38,1.64,9029127680,187230146560.0
950090,50AH优选,6111.66,6250.92,6109.7,6193.25,1.63,2461587744,88988979200.0
931380,科技50,3959.91,4032.98,3956.29,4025.7,1.63,3185891200,80319315968.0
930653,CS食品饮,27367.03,28129.35,27270.66,27741.81,1.63,1682535616,84700176384.0
H50017,沪信息业,4890.75,4960.84,4887.79,4940.05,1.62,1344986192,44158998272.0
CESHKM,中华香港内地指数,7284.13,7361.72,7284.13,7336.37,1.61,1304762624,30981225472.0
931079,5G通信,1072.69,1089.06,1069.53,1084.79,1.6,1951313984,53184596480.0
H11123,香港内地50,3188.43,3222.48,3188.43,3211.52,1.59,1524944144,33219984128.0
H30372,中证安全,2453.9,2506.01,2451.21,2496.49,1.59,2324527648,50189222144.0
H30272,100稳定,4765.26,4873.29,4764.59,4830.26,1.59,4962082560,96350502912.0
931077,CSIHK5,2222.35,2242.04,2217.41,2231.02,1.59,1289889984,34241215744.0
930661,CSSW互金,3438.85,3536.41,3433.74,3489.6,1.58,2729949424,47456460800.0
930999,SHS大湾区,1640.71,1666.79,1638.93,1660.46,1.56,4271479632,104357490688.0
H30051,AMAC文教,2282.33,2355.27,2281.74,2322.45,1.56,99459268,1356832976.0
931725,中华联合优质成长,10248.52,10446.3,10238.53,10409.74,1.56,7540658432,221997633536.0
931009,建筑材料,10316.08,10501.17,10309.47,10479.69,1.55,606343408,10675633664.0
931469,云计算50,1742.85,1781.25,1742.85,1769.37,1.54,779122192,19245412864.0
931586,300价值稳健,6838.57,6986.09,6836.74,6937.26,1.53,6616762368,131982979072.0
H30535,互联网,3379.03,3448.44,3376.03,3432.72,1.53,6694095360,101431345152.0
H50054,上证休闲,886.57,900.71,886.25,899.34,1.52,518116880,10786453504.0
931480,线上消费,822.61,836.91,821.08,834.3,1.51,1618427360,21209454080.0
930882,CS珠三角,2355.09,2393.69,2353.81,2390.35,1.51,5261233408,116956704768.0
930851,云计算,4100.41,4187.91,4100.41,4162.86,1.51,959214912,22651947008.0
H50055,沪大农业,1999.53,2035.31,1998.0,2028.82,1.5,908939200,17478704128.0
931598,中银证券300 ESG,1587.19,1620.92,1585.6,1609.01,1.5,22056877568,425680957440.0
931696,科技50策略,17256.84,17564.28,17248.48,17522.37,1.49,3290860192,83435982848.0
931454,HKC消费,1840.6,1859.68,1838.88,1850.06,1.48,491472656,20760918016.0
H11046,AMAC金融,3338.89,3430.74,3331.11,3389.43,1.48,9155892224,107199623168.0
931076,CSIHK4,2268.86,2287.63,2264.14,2277.12,1.48,1289889984,34241215744.0
H30124,安中动态,1596.38,1628.0,1596.01,1619.17,1.48,22056877568,425680957440.0
H30086,800金融,6279.98,6451.61,6264.98,6373.83,1.47,8042101504,97606443008.0
930641,中证中药,10484.03,10671.47,10484.03,10644.41,1.47,640150080,11714506496.0
931647,兴银理财均衡300,7319.86,7458.83,7316.21,7421.25,1.46,15175295744,374571737088.0
H30038,AMAC科技,10191.11,10395.16,10084.14,10320.83,1.44,465630544,13662046976.0
931718,高端造质量成长50,3268.64,3320.08,3260.8,3313.85,1.43,3784996016,110244061184.0
H50007,180金地,4859.54,4985.53,4846.22,4929.89,1.43,5843683840,69009174528.0
H30273,200动态,4407.14,4481.32,4401.68,4466.45,1.43,8339006464,139208351744.0
931520,科技50领先,2868.39,2927.68,2867.25,2914.69,1.43,980952832,35351652352.0
H30042,AMAC食品,14924.94,15343.96,14900.45,15157.19,1.42,728353136,16458714112.0
H50030,沪公用红,4320.93,4424.82,4305.79,4396.79,1.42,518189424,3507117344.0
931556,建行资管高端制造,2507.24,2543.72,2505.28,2538.12,1.41,4731916544,144543268864.0
931479,证券保险,932.42,962.17,930.63,947.5,1.41,2432961440,40186267904.0
931395,沪港深300,1745.4,1774.36,1745.0,1765.23,1.4,16091475456,384658796544.0
931026,HKC TMT,3473.07,3512.46,3473.07,3499.89,1.4,592482368,11421683200.0
930620,CSSW丝路,1956.02,1993.39,1954.86,1982.78,1.39,4739567616,114680176640.0
931487,SHS人工智能50,2133.71,2165.38,2131.95,2155.12,1.39,737652192,37511817984.0
H00999,光大阳光,8071.57,8233.45,8063.68,8172.12,1.39,4268985616,101735387136.0
CES280,中华280,8527.18,8664.58,8524.87,8634.14,1.39,14399105792,236628234240.0
930622,CSSW白酒,76062.35,78146.9,75591.32,76841.52,1.38,584401280,57753840128.0
931075,CSIHK3,2295.13,2312.77,2290.7,2302.9,1.38,1289889984,34241215744.0
930601,中证软件,8020.3,8175.37,8010.16,8123.49,1.37,461655376,15490166016.0
930651,CS计算机,8857.48,9042.94,8851.46,8986.76,1.36,1740486928,38139899136.0
931142,东证竞争,1881.99,1921.44,1881.88,1908.99,1.35,6346204160,196880453632.0
H30274,200稳定,7318.5,7459.71,7315.52,7422.73,1.34,4084599616,70359867392.0
H50011,沪环渤海,2665.67,2709.48,2662.86,2696.48,1.34,2663420608,45078497280.0
H11045,AMAC批零,1668.03,1692.13,1666.76,1690.08,1.33,1969049440,19371524608.0
931033,杭州湾区,2152.6,2190.92,2152.42,2181.14,1.33,2012826480,58996874496.0
H30066,AMAC电子,6213.37,6301.58,6209.27,6290.07,1.33,9273048832,171274473472.0
H11164,香港300,2268.27,2286.4,2268.27,2281.2,1.32,4276846704,65861452032.0
950092,上证180优选,5902.09,6013.74,5900.68,5970.09,1.32,10374370048,187308032000.0
930930,港股综合,3588.12,3617.45,3588.12,3610.48,1.32,5753884672,68685389568.0
930712,CS物联网,3741.85,3806.49,3738.94,3790.56,1.3,1562186400,58119258624.0
931442,SHS科技100,9465.9,9625.51,9465.63,9578.66,1.3,2615236160,50263164160.0
H30455,沪港深500,2598.44,2634.98,2597.94,2624.33,1.3,26102274816,506985070592.0
H50025,沪消费红,42424.39,43286.67,42045.01,42961.5,1.3,214575240,9556745472.0
H50069,港股通,3612.21,3638.35,3611.81,3631.21,1.29,4747644160,65246300160.0
CES300,中华沪深港300,5230.09,5302.69,5228.93,5279.95,1.29,16256219136,371738980352.0
931584,高端造100,2624.08,2657.11,2619.85,2652.86,1.29,4731916544,144543268864.0
H30202,软件指数,17826.81,18159.48,17818.49,18052.38,1.29,854417744,20939850752.0
931163,浙江100,2756.97,2805.24,2756.92,2794.71,1.29,2625518832,64711566848.0
H50026,沪医药红,7172.83,7297.96,7135.82,7267.77,1.28,119669990,1623889936.0
H30552,沪港深通TMT,4093.32,4141.72,4092.28,4131.13,1.27,10450949888,179687419904.0
931074,CSIHK2,2300.49,2316.83,2296.38,2307.68,1.27,1289889984,34241215744.0
931141,CS长三角,2471.03,2520.47,2470.43,2504.65,1.27,6541043968,140714995712.0
930928,CR新动能,2645.28,2679.03,2639.35,2678.02,1.27,5553579264,158821892096.0
930821,中证VR,3306.18,3344.96,3303.37,3338.06,1.26,3233648176,52303299840.0
931374,交银理财长三角,2946.55,3005.73,2945.47,2987.47,1.26,3617903024,76846235648.0
H50028,沪信息红,20747.29,21102.6,20645.92,21065.11,1.24,116964674,2908169776.0
H30255,500医药,13981.97,14164.62,13974.46,14156.78,1.24,549022240,8956099328.0
H30094,消费红利,48964.89,49942.03,48844.26,49500.95,1.23,705007360,27266437632.0
950081,180碳效,1847.77,1884.54,1847.41,1871.36,1.23,13457090304,235020582912.0
H30050,AMAC印刷,2907.43,2956.6,2879.97,2938.29,1.23,331229408,2643994464.0
930846,300SNLV,5952.29,6050.95,5950.5,6027.7,1.23,10091626496,127973498880.0
930902,中证数据,3403.06,3468.52,3403.06,3444.2,1.23,1074967968,20419237120.0
H30344,健康产业,1829.12,1853.71,1828.5,1850.58,1.22,1654879360,64758446080.0
931375,300质量低波,15982.25,16293.74,15976.65,16212.47,1.22,3928295552,88931856384.0
CES100,中华港股通精选100,6024.17,6070.42,6024.17,6053.74,1.2,1287858992,33349659136.0
930910,农牧渔,12528.04,12707.85,12513.24,12664.01,1.2,1155139488,14570743552.0
931596,SHS张江50,2256.65,2289.03,2256.23,2285.71,1.18,437279296,20817147136.0
931136,深圳科技,8811.48,8941.11,8780.6,8901.42,1.18,712397328,22179664128.0
931073,CSIHK1,2284.81,2299.7,2281.07,2291.37,1.16,1289889984,34241215744.0
H11100,香港100,2220.73,2236.75,2220.4,2229.27,1.16,2040358912,43140508160.0
931134,AH经济蓝筹,6554.83,6632.9,6549.14,6613.43,1.15,23215321088,345612849152.0
H30373,百发100,22068.05,22337.62,21970.23,22289.61,1.15,4864108544,188780908544.0
931359,沪深300AUD(CNH),7056.73,7210.67,7051.11,7153.78,1.15,22056877568,93500821504.0
H11146,HKC内地金融,781.95,791.09,781.47,787.1,1.13,900883584,7020345344.0
H30362,基本300,6149.12,6253.1,6142.93,6217.87,1.13,17369840384,304707489792.0
931069,中金300,4286.8,4358.61,4283.91,4331.64,1.12,12143625216,148587528192.0
H11142,HKT香港地产,694.67,704.91,694.67,700.55,1.11,18691830,837713008.0
H50037,上证城镇,2748.49,2779.28,2746.63,2767.41,1.1,8632253952,158690910208.0
H50015,沪西部,9794.73,9981.46,9780.6,9916.25,1.09,3661165312,41561312512.0
H11043,AMAC交运,1714.69,1732.58,1713.97,1727.86,1.09,1875300240,17008159232.0
931381,中证长三角,2037.23,2075.49,2036.88,2062.63,1.09,5074521856,83088777216.0
931695,成渝经济圈,2697.03,2736.71,2692.43,2725.17,1.09,2729241824,53308594688.0
931406,5G 50,1300.44,1322.5,1299.23,1317.75,1.09,1692584336,47840276224.0
930781,中证影视,1706.21,1733.33,1704.74,1717.99,1.09,585235424,6805597952.0
931186,中证科技,6309.75,6421.94,6305.28,6387.14,1.07,3542784224,83394347008.0
H50023,沪工业红,7026.5,7120.54,7023.93,7109.35,1.07,644893376,5055975168.0
H30332,香港50,2248.55,2261.88,2245.2,2254.51,1.06,1290212400,34274054912.0
931133,经济蓝筹,8504.43,8630.78,8502.97,8595.33,1.05,22052510464,331117780992.0
930707,中证畜牧,3009.82,3051.62,3006.55,3036.47,1.02,572308144,8676973568.0
930734,360互联+,11018.79,11153.96,11013.86,11114.74,1.02,3000376656,23704670464.0
931071,人工智能,1586.19,1610.47,1585.98,1603.85,1.01,1139534848,41493273856.0
931494,消费电子,4677.18,4739.34,4667.08,4728.54,1.01,3134663104,63720422912.0
930914,港股通高股息,3933.43,3981.94,3928.64,3978.67,1.0,1187292272,9444508160.0
930761,中金100USD(CNH),5207.5,5283.17,5203.0,5252.8,1.0,5536951808,10906552832.0
930937,稳健成长,20005.92,20270.83,19980.78,20196.44,1.0,15123319040,164069007360.0
H30041,AMAC农副,4377.1,4446.1,4361.94,4416.09,0.99,714084272,13413672704.0
931581,周期稳健成长50,2279.73,2313.34,2272.36,2303.37,0.99,2031066352,16132725504.0
931441,AI 50,4279.48,4342.09,4278.83,4323.92,0.99,1080601088,36249905152.0
H11145,HKT内地银行,872.61,879.45,871.55,876.74,0.99,701385024,3761403056.0
930931,港股通50,3531.56,3550.42,3526.54,3540.59,0.98,1244623856,27707563008.0
930984,MG新经济,4155.67,4202.15,4155.67,4191.44,0.97,2396498752,79778889728.0
H11153,内地国有,590.52,595.25,590.13,593.87,0.96,1318617568,10768443648.0
H30022,800银行,6384.9,6503.16,6369.09,6442.34,0.96,2651539840,22044810752.0
H30057,AMAC矿物,7281.62,7355.86,7280.07,7345.65,0.95,1510181168,28027326464.0
931008,汽车指数,10789.28,10932.96,10760.47,10884.25,0.94,1167856560,19129764608.0
H50012,沪长三角,3209.51,3265.17,3209.27,3244.9,0.93,1900527104,38767227392.0
H30062,AMAC专用,4448.2,4503.8,4447.9,4494.53,0.92,2933643248,64012897024.0
930903,中证A股,4085.03,4134.56,4083.09,4120.62,0.92,83663843328,1184716357632.0
930716,CS物流,1328.09,1340.6,1325.74,1337.82,0.91,642158464,7849332992.0
H50002,180材料,2730.42,2761.61,2720.98,2754.67,0.9,2904843424,26754051072.0
931024,HKC非银,3428.5,3459.99,3421.83,3439.12,0.89,340847296,5353292288.0
930838,CS高股息,7103.94,7176.64,7103.59,7162.98,0.88,1529375040,43190645760.0
CESP50,中华港股通优选50,2880.98,2896.53,2877.76,2886.64,0.88,1485189216,29575434752.0
H30049,AMAC造纸,2413.47,2439.48,2411.93,2432.32,0.86,618607600,4882051072.0
H50021,沪能源红,4172.53,4234.09,4165.16,4205.14,0.86,351518624,2247638128.0
H11030,AMAC农林,2918.47,2964.29,2912.8,2943.97,0.85,792559184,10478392064.0
931585,卫星导航,724.98,732.19,724.03,732.19,0.85,756666368,10992624896.0
931587,500价值稳健,18670.49,18866.56,18656.08,18825.55,0.84,4569422592,28557703680.0
931072,全球中国互联网HKD,1964.41,1984.54,1964.41,1980.57,0.82,634828368,28818794752.0
931373,股息龙头,2188.65,2217.98,2183.13,2204.46,0.82,2660370304,51395923712.0
930740,300红利LV,5837.9,5919.13,5835.85,5889.77,0.81,4763215872,66080209152.0
930713,CS人工智,3657.21,3701.39,3656.9,3687.56,0.81,1806949536,47335083008.0
931187,科技100,3950.33,3991.6,3944.46,3985.33,0.81,4452099584,80432750592.0
H50039,上证TMT,2267.13,2289.11,2262.85,2281.51,0.8,1244056896,46245626880.0
930766,CS民参军,2285.85,2301.48,2279.44,2298.26,0.8,654027632,7610786816.0
931159,创新100,3763.65,3803.97,3754.43,3799.07,0.8,2367122496,98592673792.0
931070,中金100,4842.1,4909.81,4838.09,4882.21,0.8,5536951808,69166710784.0
930927,CR基石,9531.59,9631.13,9517.8,9605.68,0.8,14152484352,146754351104.0
930723,沪港深F100,3389.79,3426.99,3388.8,3413.69,0.8,8387253248,120313987072.0
931052,国信价值,2882.71,2908.06,2880.32,2906.86,0.8,4005489968,57002464000.0
931446,东证红利低波,2489.17,2516.35,2485.28,2510.34,0.79,5629856512,47085057792.0
930703,福建50,2881.99,2908.68,2876.06,2906.78,0.77,1650036880,33337417472.0
H50009,180电信,1568.0,1601.0,1565.58,1584.25,0.77,340759552,5674057728.0
H50010,180公用,1881.52,1906.53,1878.4,1901.19,0.76,480181840,3861024688.0
H11140,香港红利,2335.22,2350.74,2333.74,2344.97,0.75,1016021376,6239020544.0
H11110,香港F50,1642.98,1654.49,1642.36,1648.08,0.75,1351016816,21994658304.0
H50018,上证文化,1285.08,1297.93,1284.7,1294.63,0.74,499441840,4595875584.0
930792,HK银行,2822.25,2837.92,2818.79,2831.12,0.74,705489408,4108697952.0
H50029,沪电信红,9015.93,9298.89,8970.41,9146.41,0.73,196830391,2605572384.0
950082,上海改革,2538.74,2568.37,2538.38,2558.4,0.73,1661128800,20922939648.0
930662,CS现代农,1386.55,1400.99,1383.76,1396.45,0.71,2252289952,25854726144.0
H30056,AMAC橡胶,6966.17,7016.76,6932.31,6999.6,0.71,921802672,17766092800.0
950096,上海国企,1415.97,1434.61,1415.87,1427.35,0.7,1465583728,18965542144.0
H30597,新材料,6455.61,6501.32,6421.56,6489.02,0.7,1351500880,64634931200.0
H30015,800汽车,10145.75,10255.73,10126.16,10220.56,0.7,1220102736,25217520128.0
930987,安徽发展,2643.0,2671.42,2639.23,2661.01,0.69,3138572480,31340100864.0
H50052,上国改革,1939.58,1968.43,1939.35,1954.44,0.69,2558583616,61954646016.0
H50031,沪绿色城,3184.87,3194.74,3174.68,3179.83,0.68,1865385968,37932685056.0
930917,SHS高股息,5189.33,5231.72,5177.39,5230.16,0.68,3073598704,25780999168.0
930955,红利低波100,9685.01,9781.59,9675.9,9756.39,0.68,4775783680,42443081984.0
930820,CS高端制,9084.77,9161.5,9072.12,9148.84,0.66,13691301120,325658013696.0
930986,金融科技,2255.74,2303.37,2252.7,2275.15,0.64,1086822032,24092650496.0
931588,1000价值稳健,29280.47,29511.09,29255.52,29454.35,0.63,3284411680,25379612928.0
H11041,AMAC公用,2162.64,2185.9,2154.29,2179.54,0.62,5602953984,39490948608.0
930660,CSSW体育,1585.05,1602.18,1584.63,1596.01,0.61,1078886416,11303916288.0
950049,G60成指,1754.77,1771.61,1748.04,1762.51,0.6,784057072,23023049472.0
931023,北京50,1637.92,1653.4,1637.29,1650.98,0.59,3146447344,28049948928.0
H30533,中国互联网50,8405.45,8476.88,8393.11,8454.32,0.58,257717914,10225155840.0
H50016,沪东北,3826.59,3866.13,3811.4,3851.72,0.55,1155825888,16178632192.0
H50034,沪城基建,1575.97,1593.18,1573.35,1587.17,0.55,3503138112,22743053312.0
990001,中华半导体芯片,11856.1,11915.54,11772.39,11878.42,0.54,846542736,48374325504.0
930936,国开成长,2267.51,2283.49,2262.43,2280.55,0.54,1985680512,52584890368.0
931652,厦门指数,2740.0,2769.24,2735.35,2757.42,0.53,485158880,8860332544.0
H30590,机器人,1995.12,2016.55,1992.88,2005.22,0.53,805813440,20267250176.0
931053,高股息策略,6752.54,6794.89,6729.86,6786.45,0.53,5494660352,49886241536.0
931478,苏州绿色发展,933.41,942.45,929.06,939.46,0.52,1061667616,16838658304.0
931523,SHS动漫游戏,796.17,805.46,796.01,799.41,0.51,914482432,14361015296.0
CESG10,中华博彩指数,2948.65,2977.94,2929.46,2962.32,0.51,59642512,978466240.0
H30007,芯片产业,2966.54,2985.35,2949.45,2975.63,0.5,816617408,47939485184.0
H30359,转型成长,34704.81,34995.22,34670.64,34927.1,0.5,4300610304,65969656576.0
931393,湖北指数,2321.6,2334.88,2320.67,2331.32,0.5,2851663312,32473236480.0
931554,长江保护,2295.96,2310.78,2292.47,2306.39,0.49,4539940864,116864499712.0
H30257,500信息,8757.34,8808.62,8744.64,8799.53,0.48,1948300128,31803916800.0
H11044,AMAC信息,3058.53,3088.78,3056.0,3073.95,0.47,5533794048,74439716864.0
931086,MG新经济AUD,5850.05,5914.77,5847.39,5889.68,0.47,2396498752,17523433216.0
000859,国企一带一路,1805.09,1820.81,1803.2,1815.39,0.47,8896043520,110256803840.0
930850,智能制造,4271.97,4321.09,4269.44,4300.78,0.47,3212047552,71136956416.0
930606,中证钢铁,1289.16,1312.31,1280.32,1298.18,0.44,3447569840,16415277312.0
930738,四川国改,2971.59,2995.63,2962.89,2977.56,0.44,1364557104,29179931904.0
930751,中证500USD(CNH),9518.43,9563.47,9505.6,9550.43,0.44,19608716800,33349124608.0
H30537,淘金100,11584.75,11639.09,11548.71,11628.58,0.44,2411018336,77948690432.0
H30269,红利低波,8891.04,8963.72,8858.37,8933.17,0.42,3622002128,27416571136.0
930776,CS增持,2768.36,2785.12,2758.45,2780.85,0.42,3869056704,30902409216.0
H30058,AMAC钢铁,1747.62,1779.12,1735.82,1760.09,0.42,3143023616,13608595968.0
930949,价值回报,14300.72,14395.68,14283.5,14371.99,0.42,3112556096,38169236992.0
H11057,石化产业,1607.72,1617.67,1602.35,1615.56,0.41,2673135184,41708032000.0
930758,凤凰50,5741.79,5770.44,5725.74,5761.03,0.41,616639072,6378621440.0
930729,银智100,8220.04,8257.32,8195.41,8247.11,0.39,2397845616,76332613632.0
931167,先进制造100,8050.9,8108.25,8047.25,8086.82,0.39,4236149360,50891092480.0
930701,CS京津冀,1790.13,1801.67,1786.26,1797.4,0.39,1377007840,14217606912.0
931157,SHS红利成长LV,5206.2,5239.44,5199.82,5229.02,0.37,4227920240,41368055552.0
931144,通信技术,1049.99,1061.37,1049.78,1057.06,0.36,849658160,22484310272.0
930782,500SNLV,16830.48,16938.55,16798.12,16903.32,0.36,6449772288,42159510272.0
930599,中证高装,8463.27,8505.81,8443.65,8494.47,0.35,8223277312,177950044160.0
H50001,180能源,1386.71,1403.09,1382.73,1390.76,0.35,405962608,3101637872.0
931495,工业互联,3655.5,3686.37,3650.74,3672.95,0.34,1586091024,72897634304.0
931590,500成长创新,28523.41,28634.9,28447.44,28599.67,0.32,3207295280,52730703360.0
950107,380创新,3417.64,3431.69,3402.0,3424.08,0.32,648447360,14882425856.0
931160,通信设备,5753.05,5805.13,5744.17,5779.44,0.29,1005435920,18281307648.0
H30044,AMAC纺织,1706.94,1712.74,1699.65,1711.25,0.29,339581248,2179364832.0
930901,动漫游戏,1555.93,1574.33,1552.46,1561.3,0.26,948190128,10580463104.0
H30363,基本500,9182.41,9223.16,9171.75,9205.85,0.26,11719324416,219884236800.0
930725,CS车联网,1607.29,1614.12,1602.64,1611.45,0.25,1101290880,35361186560.0
930721,CS智汽车,6186.67,6237.28,6176.7,6206.39,0.24,757539360,30518846976.0
930777,CS定增,2498.76,2510.94,2492.59,2502.24,0.24,3014071472,66371511552.0
H30067,AMAC仪表,4510.27,4533.46,4492.29,4520.23,0.23,361376432,6422286336.0
931559,苏银理财长三角,3402.97,3433.72,3398.0,3416.44,0.23,942036480,41069309696.0
931593,科技领先,3442.3,3456.66,3429.72,3448.19,0.17,4252753904,65004262400.0
H50040,上红低波,7959.21,7996.83,7929.47,7973.72,0.15,3425548720,34065568000.0
950106,上证创新,1747.04,1747.68,1740.63,1745.21,0.13,3056982912,32458815232.0
930835,环保专利,1776.72,1784.07,1766.67,1780.23,0.13,2219860576,41438206464.0
H30063,AMAC汽车,7788.23,7805.8,7756.8,7796.94,0.13,2761147104,46791084288.0
H50042,上红价值,7042.27,7082.04,7013.34,7049.71,0.12,3351891216,35420808192.0
H50038,沪智慧城,3033.9,3054.91,3029.29,3032.53,0.11,1655133968,27815522816.0
H30052,AMAC石化,1865.83,1897.23,1844.74,1870.14,0.11,541750016,6150716672.0
H30061,AMAC通用,2196.0,2202.29,2188.78,2196.35,0.1,1788847696,24369126656.0
931591,1000成长创新,28701.68,28724.46,28552.58,28682.27,0.1,1875451504,46864667136.0
930640,CSWD重组,1790.84,1797.67,1786.47,1794.21,0.09,1525783152,20719760384.0
H30039,AMAC公共,1815.41,1818.01,1809.51,1816.39,0.09,606698672,5821585664.0
H50024,沪可选红,12277.87,12359.8,12230.01,12298.23,0.07,443369552,8929153280.0
H11082,HGSZ AA,206.74,206.83,206.74,206.83,0.06,200,19598.0
H11081,HGSZ AA+,193.1,193.16,193.1,193.15,0.05,245719,14588146.0
H11086,HGSZ7-10,181.54,181.59,181.54,181.59,0.04,15000,1647000.0
H30263,腾讯济安,3195.02,3201.01,3184.79,3193.69,0.02,3044590288,59130651904.0
930938,500成长估值,3901.89,3918.05,3889.64,3906.3,0.02,4132489040,44117607168.0
H11083,HGSZ 1-3,177.82,177.84,177.8,177.83,0.02,4533020,446095536.0
H11080,HGSZ AAA,176.45,176.47,176.43,176.44,0.01,5960890,575191024.0
H11084,HGSZ 3-5,195.85,195.88,195.8,195.81,-0.01,1658790,142056231.0
H50035,沪智交通,1719.05,1727.56,1709.35,1718.27,-0.03,393029824,5249157888.0
H30531,精工制造,4427.77,4439.45,4412.39,4431.35,-0.04,8247078656,149230764032.0
H30065,AMAC电气,7742.63,7759.71,7669.51,7729.86,-0.05,5382504960,119345893376.0
930939,500质量,21235.7,21266.57,21176.02,21230.73,-0.06,3060150176,46416119040.0
H30184,半导体,8558.51,8603.37,8508.72,8576.65,-0.08,655927168,38283586560.0
930621,CSSW高铁,2263.44,2272.65,2254.94,2263.57,-0.13,1543775888,15040257280.0
H11031,AMAC采矿,1641.34,1647.2,1633.44,1639.5,-0.14,2812612832,28060651264.0
H30060,AMAC金属,4824.63,4828.67,4797.45,4819.73,-0.14,877217808,11759048192.0
H50003,180工业,2756.7,2773.44,2748.08,2757.88,-0.15,2112833376,38276871168.0
H11052,智能电车,5761.97,5777.39,5726.6,5759.2,-0.15,1282713280,61042557952.0
H30031,800有色,7387.74,7429.39,7349.34,7385.72,-0.17,2362309328,28829891584.0
930997,新能源车,4251.67,4260.98,4214.0,4245.16,-0.19,990077312,56573324544.0
H11042,AMAC建筑,1582.19,1586.36,1574.89,1581.0,-0.26,3288208544,18039209728.0
H11054,装备产业,3811.54,3824.68,3799.05,3809.2,-0.28,3176714128,78421938176.0
930708,中证有色,2282.27,2290.95,2268.14,2277.26,-0.28,3285155920,43080833024.0
H50032,沪城交通,2345.89,2352.05,2338.23,2340.06,-0.3,1931763440,27455729664.0
930608,中证基建,8807.49,8824.54,8760.69,8797.96,-0.34,3091651968,21277865472.0
H30055,AMAC化纤,5719.58,5720.8,5670.99,5703.22,-0.35,518384432,7096690944.0
H50022,沪材料红,7276.47,7276.47,7203.22,7241.96,-0.35,1141869952,13879600384.0
931066,军工龙头,4532.41,4562.97,4490.78,4537.0,-0.36,743854912,25886607104.0
930614,环保50,3728.01,3738.67,3697.82,3721.43,-0.36,1818016880,60430189568.0
H30053,AMAC化学,3931.32,3936.26,3905.13,3923.87,-0.37,4124775104,66145797888.0
000861,央企创新,2368.77,2377.09,2362.52,2365.97,-0.37,6832803840,69045870592.0
H30059,AMAC有色,4391.41,4424.08,4365.76,4381.79,-0.38,3029434096,43173112320.0
H11050,AMAC综企,2090.23,2090.23,2072.66,2086.98,-0.39,489152288,5817676800.0
931746,储能产业,5687.29,5697.37,5637.4,5669.94,-0.47,1474092544,65832032000.0
H30251,500原料,5802.77,5805.34,5759.89,5784.41,-0.48,3878522592,38633536768.0
930852,量子通信,3282.87,3289.39,3260.12,3267.67,-0.5,835302544,13962503168.0
931522,央企新动能,2137.67,2146.33,2125.94,2130.27,-0.53,1178291792,25957333760.0
930632,CS稀金属,2946.09,2971.54,2924.36,2934.07,-0.53,1381094704,28466544640.0
930598,稀土产业,2559.33,2597.25,2547.83,2549.57,-0.54,3657930576,33879793920.0
H50036,上证军工,9767.97,9836.95,9637.56,9744.93,-0.54,511651616,10522670080.0
931151,光伏产业,5422.63,5441.6,5370.91,5406.9,-0.59,1860337520,41702508800.0
H30252,500工业,7667.1,7667.32,7601.96,7618.66,-0.68,4595150592,49830976256.0
931719,CS电池,6015.89,6017.21,5947.76,5973.26,-0.69,1102134672,51254751232.0
930715,CS朝阳88,12275.26,12275.26,12170.17,12194.88,-0.71,2223354656,79550566400.0
H30064,AMAC运输,2910.79,2932.4,2877.38,2890.91,-0.81,1282576192,22791997952.0
931579,东证优势成长,5737.39,5743.52,5679.8,5692.27,-0.92,2705626400,94035300352.0
931521,航空航天,3810.88,3828.12,3745.76,3784.96,-0.95,727725584,21437926912.0
930875,空天军工,3268.32,3283.59,3204.98,3238.38,-1.22,395216992,17123006976.0
931672,风电产业,2424.32,2424.35,2379.19,2397.39,-1.29,1167414816,22375407104.0
H50046,180反向,3232.29,3233.89,3166.41,3192.52,-1.34,13679409664,238557020160.0
H30083,300反向,1255.56,1255.82,1226.93,1235.94,-1.65,22056877568,425680957440.0
H30404,300日报酬反向,986.54,986.74,964.04,971.12,-1.66,22056877568,425680957440.0
930773,100反向,1311.07,1311.53,1277.44,1289.21,-1.8,9633271808,216112738304.0
H50047,180反两,425.26,425.68,407.9,414.78,-2.7,13679409664,238557020160.0
930774,100反两,161.12,161.23,152.84,155.74,-3.62,9633271808,216112738304.0
